timestamp,Open,High,Low,Close,Volume,time_indicator,avg_price_in_interval
2020-08-17 00:00:00,11910.99,11920.0,11910.99,11920.0,69.41432,0.0,11915.494999999999
2020-08-17 00:01:00,11919.99,11930.0,11919.99,11923.76,100.903995,0.0006944444444444445,11924.994999999999
2020-08-17 00:02:00,11925.1,11933.15,11925.07,11926.88,76.611831,0.001388888888888889,11929.11
2020-08-17 00:03:00,11926.88,11933.14,11926.59,11927.16,73.772738,0.0020833333333333333,11929.865
2020-08-17 00:04:00,11927.17,11927.17,11911.0,11911.18,54.438551,0.002777777777777778,11919.085
2020-08-17 00:05:00,11911.17,11911.93,11901.0,11901.56,29.3623,0.003472222222222222,11906.465
2020-08-17 00:06:00,11901.45,11901.45,11886.91,11892.49,107.898411,0.004166666666666667,11894.18
2020-08-17 00:07:00,11892.62,11893.49,11882.46,11888.98,26.40112,0.004861111111111111,11887.974999999999
2020-08-17 00:08:00,11888.98,11898.78,11877.78,11877.79,63.215996,0.005555555555555556,11888.28
2020-08-17 00:09:00,11877.88,11880.02,11863.43,11876.31,83.211136,0.00625,11871.725
2020-08-17 00:10:00,11877.08,11879.87,11861.0,11861.74,21.049722,0.006944444444444444,11870.435000000001
2020-08-17 00:11:00,11862.1,11869.28,11857.18,11862.95,61.053383,0.007638888888888889,11863.23
2020-08-17 00:12:00,11862.94,11867.72,11853.04,11856.02,51.812251,0.008333333333333333,11860.380000000001
2020-08-17 00:13:00,11856.02,11863.66,11845.04,11849.49,54.674366,0.009027777777777777,11854.35
2020-08-17 00:14:00,11849.48,11851.33,11841.59,11848.98,72.797128,0.009722222222222222,11846.46
2020-08-17 00:15:00,11849.33,11850.0,11824.0,11829.91,150.996945,0.010416666666666666,11837.0
2020-08-17 00:16:00,11830.0,11838.05,11801.0,11833.97,244.152839,0.011111111111111112,11819.525
2020-08-17 00:17:00,11833.96,11858.08,11833.7,11850.87,53.617001,0.011805555555555555,11845.89
2020-08-17 00:18:00,11850.87,11855.36,11845.01,11846.85,31.239849,0.0125,11850.185000000001
2020-08-17 00:19:00,11846.85,11860.55,11845.13,11859.8,27.841041,0.013194444444444444,11852.84
2020-08-17 00:20:00,11859.8,11861.86,11852.55,11858.68,47.608557,0.013888888888888888,11857.205
2020-08-17 00:21:00,11858.68,11859.97,11849.0,11849.0,26.926243,0.014583333333333334,11854.485
2020-08-17 00:22:00,11849.01,11850.87,11836.6,11847.0,44.884557,0.015277777777777777,11843.735
2020-08-17 00:23:00,11847.0,11849.31,11841.6,11848.67,29.140568,0.01597222222222222,11845.455
2020-08-17 00:24:00,11848.43,11850.6,11840.9,11843.24,18.479933,0.016666666666666666,11845.75
2020-08-17 00:25:00,11843.25,11846.23,11842.0,11846.23,12.705541,0.017361111111111112,11844.115
2020-08-17 00:26:00,11846.24,11852.57,11846.23,11851.28,9.806907,0.018055555555555554,11849.4
2020-08-17 00:27:00,11851.28,11860.15,11847.41,11847.77,28.170516,0.01875,11853.779999999999
2020-08-17 00:28:00,11847.76,11851.34,11842.61,11843.59,16.221344,0.019444444444444445,11846.975
2020-08-17 00:29:00,11843.59,11847.77,11842.01,11845.16,17.783849,0.02013888888888889,11844.89
2020-08-17 00:30:00,11845.02,11860.0,11845.02,11845.19,40.666284,0.020833333333333332,11852.51
2020-08-17 00:31:00,11845.02,11848.65,11842.01,11842.44,24.592845,0.021527777777777778,11845.33
2020-08-17 00:32:00,11842.45,11842.45,11832.89,11834.51,52.604149,0.022222222222222223,11837.67
2020-08-17 00:33:00,11834.51,11844.75,11834.0,11840.29,25.220237,0.022916666666666665,11839.375
2020-08-17 00:34:00,11840.28,11849.23,11838.11,11848.01,27.973627,0.02361111111111111,11843.67
2020-08-17 00:35:00,11848.24,11852.96,11844.83,11848.13,19.793913,0.024305555555555556,11848.895
2020-08-17 00:36:00,11848.15,11849.85,11845.23,11848.27,18.847473,0.025,11847.54
2020-08-17 00:37:00,11848.27,11850.42,11845.49,11846.49,14.314558,0.025694444444444443,11847.955
2020-08-17 00:38:00,11846.59,11849.34,11845.48,11848.63,9.660475,0.02638888888888889,11847.41
2020-08-17 00:39:00,11848.63,11848.71,11841.39,11842.67,16.786063,0.027083333333333334,11845.05
2020-08-17 00:40:00,11842.68,11868.61,11842.68,11862.43,54.78532,0.027777777777777776,11855.645
2020-08-17 00:41:00,11862.61,11865.12,11858.06,11864.22,32.473885,0.02847222222222222,11861.59
2020-08-17 00:42:00,11864.22,11867.0,11862.77,11863.79,6.711977,0.029166666666666667,11864.885
2020-08-17 00:43:00,11863.8,11864.84,11858.73,11864.15,17.416086,0.029861111111111113,11861.785
2020-08-17 00:44:00,11864.38,11864.63,11855.92,11858.02,10.486929,0.030555555555555555,11860.275
2020-08-17 00:45:00,11858.02,11860.32,11858.02,11859.8,12.815387,0.03125,11859.17
2020-08-17 00:46:00,11859.79,11859.8,11844.46,11847.67,39.118106,0.03194444444444444,11852.13
2020-08-17 00:47:00,11847.09,11848.18,11830.0,11830.86,26.635073,0.03263888888888889,11839.09
2020-08-17 00:48:00,11830.54,11840.96,11820.41,11831.3,70.674375,0.03333333333333333,11830.685
2020-08-17 00:49:00,11831.29,11831.81,11816.68,11822.73,27.656113,0.034027777777777775,11824.244999999999
2020-08-17 00:50:00,11822.67,11827.04,11816.0,11819.39,39.429846,0.034722222222222224,11821.52
2020-08-17 00:51:00,11819.48,11829.22,11819.47,11828.24,31.136794,0.035416666666666666,11824.345
2020-08-17 00:52:00,11828.24,11831.46,11823.91,11828.7,34.819963,0.03611111111111111,11827.685
2020-08-17 00:53:00,11828.71,11828.71,11820.0,11826.19,26.374465,0.03680555555555556,11824.355
2020-08-17 00:54:00,11826.19,11833.97,11826.18,11831.83,28.012854,0.0375,11830.075
2020-08-17 00:55:00,11831.84,11840.78,11831.44,11836.13,22.858184,0.03819444444444445,11836.11
2020-08-17 00:56:00,11836.13,11836.77,11831.44,11834.01,10.519803,0.03888888888888889,11834.105
2020-08-17 00:57:00,11834.01,11840.92,11832.49,11838.68,9.231439,0.03958333333333333,11836.705
2020-08-17 00:58:00,11838.68,11838.69,11835.0,11837.93,9.140761,0.04027777777777778,11836.845000000001
2020-08-17 00:59:00,11837.92,11846.76,11836.72,11845.31,21.490306,0.04097222222222222,11841.74
2020-08-17 01:00:00,11845.31,11845.31,11834.02,11839.76,18.932605,0.041666666666666664,11839.665
2020-08-17 01:01:00,11839.83,11843.15,11831.44,11832.02,16.720968,0.04236111111111111,11837.295
2020-08-17 01:02:00,11832.32,11833.18,11824.33,11824.34,16.520079,0.043055555555555555,11828.755000000001
2020-08-17 01:03:00,11824.33,11827.74,11821.54,11821.54,13.944676,0.04375,11824.64
2020-08-17 01:04:00,11821.55,11821.55,11813.44,11815.64,19.518651,0.044444444444444446,11817.494999999999
2020-08-17 01:05:00,11815.64,11817.09,11807.23,11815.64,42.590909,0.04513888888888889,11812.16
2020-08-17 01:06:00,11815.64,11822.0,11815.64,11816.18,20.11652,0.04583333333333333,11818.82
2020-08-17 01:07:00,11816.18,11819.23,11807.75,11809.44,32.953289,0.04652777777777778,11813.49
2020-08-17 01:08:00,11809.44,11819.54,11808.0,11818.28,19.725761,0.04722222222222222,11813.77
2020-08-17 01:09:00,11818.36,11828.51,11817.31,11828.03,14.519063,0.04791666666666667,11822.91
2020-08-17 01:10:00,11828.17,11828.17,11812.94,11814.47,11.797566,0.04861111111111111,11820.555
2020-08-17 01:11:00,11814.47,11819.59,11811.24,11817.47,16.405036,0.049305555555555554,11815.415
2020-08-17 01:12:00,11817.47,11818.95,11814.29,11816.48,12.600099,0.05,11816.62
2020-08-17 01:13:00,11816.48,11817.17,11812.13,11816.27,36.109606,0.050694444444444445,11814.65
2020-08-17 01:14:00,11816.44,11824.14,11816.44,11822.47,21.134327,0.05138888888888889,11820.29
2020-08-17 01:15:00,11822.47,11826.44,11813.22,11816.08,30.444132,0.052083333333333336,11819.83
2020-08-17 01:16:00,11816.09,11816.09,11805.0,11805.0,19.579696,0.05277777777777778,11810.545
2020-08-17 01:17:00,11805.0,11808.25,11792.0,11798.99,120.068721,0.05347222222222222,11800.125
2020-08-17 01:18:00,11798.99,11802.61,11783.02,11800.81,99.016797,0.05416666666666667,11792.815
2020-08-17 01:19:00,11800.43,11804.69,11785.68,11792.65,37.705076,0.05486111111111111,11795.185000000001
2020-08-17 01:20:00,11792.65,11794.82,11781.25,11791.36,58.663799,0.05555555555555555,11788.035
2020-08-17 01:21:00,11791.37,11797.09,11787.94,11795.29,13.767979,0.05625,11792.515
2020-08-17 01:22:00,11795.3,11809.25,11794.74,11808.08,32.811007,0.05694444444444444,11801.994999999999
2020-08-17 01:23:00,11808.08,11810.09,11801.0,11807.88,27.801177,0.05763888888888889,11805.545
2020-08-17 01:24:00,11807.35,11810.34,11804.82,11809.9,12.35367,0.058333333333333334,11807.58
2020-08-17 01:25:00,11809.9,11812.56,11808.0,11808.95,11.483948,0.059027777777777776,11810.279999999999
2020-08-17 01:26:00,11808.82,11809.51,11808.0,11808.6,6.481656,0.059722222222222225,11808.755000000001
2020-08-17 01:27:00,11808.61,11821.05,11808.01,11819.5,41.489282,0.06041666666666667,11814.529999999999
2020-08-17 01:28:00,11819.5,11819.51,11810.0,11810.53,13.836293,0.06111111111111111,11814.755000000001
2020-08-17 01:29:00,11810.52,11812.45,11808.88,11809.99,8.30946,0.06180555555555556,11810.665
2020-08-17 01:30:00,11810.0,11823.77,11809.27,11823.13,19.697722,0.0625,11816.52
2020-08-17 01:31:00,11823.13,11833.28,11822.76,11831.56,31.082613,0.06319444444444444,11828.02
2020-08-17 01:32:00,11831.56,11836.61,11823.04,11827.24,18.48515,0.06388888888888888,11829.825
2020-08-17 01:33:00,11827.23,11828.96,11822.68,11827.92,10.341102,0.06458333333333334,11825.82
2020-08-17 01:34:00,11827.92,11837.08,11820.7,11836.84,28.434107,0.06527777777777778,11828.89
2020-08-17 01:35:00,11836.84,11842.65,11834.23,11834.86,15.124623,0.06597222222222222,11838.439999999999
2020-08-17 01:36:00,11834.87,11836.38,11827.55,11833.01,5.299552,0.06666666666666667,11831.965
2020-08-17 01:37:00,11833.0,11838.0,11833.0,11833.67,16.314799,0.06736111111111111,11835.5
2020-08-17 01:38:00,11833.66,11833.66,11828.35,11830.8,17.269665,0.06805555555555555,11831.005000000001
2020-08-17 01:39:00,11830.79,11830.8,11826.99,11828.85,15.72864,0.06875,11828.895
2020-08-17 01:40:00,11828.86,11831.82,11828.17,11828.18,10.518843,0.06944444444444445,11829.994999999999
2020-08-17 01:41:00,11828.18,11832.6,11827.23,11829.19,17.919779,0.07013888888888889,11829.915
2020-08-17 01:42:00,11829.1,11829.32,11827.11,11828.46,10.055727,0.07083333333333333,11828.215
2020-08-17 01:43:00,11828.46,11828.8,11816.16,11818.7,18.152626,0.07152777777777777,11822.48
2020-08-17 01:44:00,11818.7,11824.29,11817.61,11818.95,9.436055,0.07222222222222222,11820.95
2020-08-17 01:45:00,11818.95,11830.34,11815.48,11830.02,19.048903,0.07291666666666667,11822.91
2020-08-17 01:46:00,11830.03,11836.91,11830.03,11834.99,14.514557,0.07361111111111111,11833.470000000001
2020-08-17 01:47:00,11834.99,11846.93,11834.99,11838.43,17.003528,0.07430555555555556,11840.96
2020-08-17 01:48:00,11838.43,11845.51,11834.7,11845.5,16.53276,0.075,11840.105
2020-08-17 01:49:00,11845.5,11845.5,11844.24,11845.37,8.817208,0.07569444444444444,11844.869999999999
2020-08-17 01:50:00,11845.37,11849.6,11841.23,11846.41,15.229575,0.0763888888888889,11845.415
2020-08-17 01:51:00,11846.41,11846.42,11841.88,11845.92,15.018511,0.07708333333333334,11844.15
2020-08-17 01:52:00,11845.93,11846.29,11840.49,11842.66,14.71388,0.07777777777777778,11843.39
2020-08-17 01:53:00,11842.66,11844.69,11842.57,11843.88,7.766098,0.07847222222222222,11843.630000000001
2020-08-17 01:54:00,11843.88,11845.94,11843.87,11845.93,11.05896,0.07916666666666666,11844.905
2020-08-17 01:55:00,11845.93,11846.21,11837.88,11838.99,26.4086,0.0798611111111111,11842.044999999998
2020-08-17 01:56:00,11839.11,11844.26,11839.11,11840.23,10.61069,0.08055555555555556,11841.685000000001
2020-08-17 01:57:00,11840.13,11844.18,11836.22,11843.57,12.053856,0.08125,11840.2
2020-08-17 01:58:00,11843.69,11848.02,11843.69,11848.01,12.304644,0.08194444444444444,11845.855
2020-08-17 01:59:00,11848.0,11848.24,11843.39,11843.63,14.7947,0.08263888888888889,11845.814999999999
2020-08-17 02:00:00,11843.68,11848.18,11838.62,11847.0,16.059047,0.08333333333333333,11843.400000000001
2020-08-17 02:01:00,11847.01,11850.22,11845.83,11849.11,14.468428,0.08402777777777778,11848.025
2020-08-17 02:02:00,11849.11,11849.11,11845.83,11846.55,17.921299,0.08472222222222223,11847.470000000001
2020-08-17 02:03:00,11846.55,11847.29,11840.0,11840.48,11.236629,0.08541666666666667,11843.645
2020-08-17 02:04:00,11840.48,11841.07,11831.8,11832.84,22.094013,0.08611111111111111,11836.435
2020-08-17 02:05:00,11832.84,11833.87,11828.05,11829.89,13.841321,0.08680555555555555,11830.96
2020-08-17 02:06:00,11829.9,11829.9,11823.46,11823.79,16.661269,0.0875,11826.68
2020-08-17 02:07:00,11823.79,11829.09,11823.79,11826.8,8.522189,0.08819444444444445,11826.44
2020-08-17 02:08:00,11826.79,11827.76,11821.36,11822.0,6.66632,0.08888888888888889,11824.560000000001
2020-08-17 02:09:00,11821.89,11821.99,11813.27,11816.06,17.38051,0.08958333333333333,11817.630000000001
2020-08-17 02:10:00,11815.92,11821.15,11814.88,11819.71,11.215242,0.09027777777777778,11818.015
2020-08-17 02:11:00,11819.72,11827.05,11817.0,11818.73,21.130762,0.09097222222222222,11822.025
2020-08-17 02:12:00,11818.72,11821.93,11813.12,11815.66,9.656178,0.09166666666666666,11817.525000000001
2020-08-17 02:13:00,11815.66,11817.7,11811.45,11813.43,12.565627,0.09236111111111112,11814.575
2020-08-17 02:14:00,11813.42,11821.6,11813.42,11818.42,16.443589,0.09305555555555556,11817.51
2020-08-17 02:15:00,11818.42,11818.47,11815.69,11816.06,10.030614,0.09375,11817.08
2020-08-17 02:16:00,11816.06,11816.89,11812.13,11815.53,6.672315,0.09444444444444444,11814.509999999998
2020-08-17 02:17:00,11815.46,11816.22,11807.87,11807.88,11.917218,0.09513888888888888,11812.045
2020-08-17 02:18:00,11807.87,11811.0,11800.83,11809.23,47.436655,0.09583333333333334,11805.915
2020-08-17 02:19:00,11809.23,11822.17,11809.23,11821.7,27.349525,0.09652777777777778,11815.7
2020-08-17 02:20:00,11821.71,11825.73,11819.02,11819.86,13.579475,0.09722222222222222,11822.375
2020-08-17 02:21:00,11819.86,11822.0,11819.03,11822.0,8.385657,0.09791666666666667,11820.515
2020-08-17 02:22:00,11822.0,11822.52,11818.94,11818.94,13.410957,0.09861111111111111,11820.73
2020-08-17 02:23:00,11818.95,11818.95,11801.84,11804.14,23.62611,0.09930555555555555,11810.395
2020-08-17 02:24:00,11803.73,11809.7,11798.86,11803.83,17.512983,0.1,11804.28
2020-08-17 02:25:00,11803.82,11805.47,11800.0,11803.26,26.354383,0.10069444444444445,11802.735
2020-08-17 02:26:00,11803.27,11805.8,11800.46,11800.51,18.22182,0.10138888888888889,11803.13
2020-08-17 02:27:00,11800.51,11804.51,11800.5,11804.28,11.634717,0.10208333333333333,11802.505000000001
2020-08-17 02:28:00,11804.28,11805.8,11803.0,11803.1,11.376506,0.10277777777777777,11804.4
2020-08-17 02:29:00,11803.09,11805.59,11800.0,11800.0,47.030496,0.10347222222222222,11802.795
2020-08-17 02:30:00,11800.0,11800.01,11781.0,11781.72,126.375943,0.10416666666666667,11790.505000000001
2020-08-17 02:31:00,11781.71,11790.22,11769.89,11769.89,107.100745,0.10486111111111111,11780.055
2020-08-17 02:32:00,11769.94,11792.45,11769.78,11788.36,101.651261,0.10555555555555556,11781.115000000002
2020-08-17 02:33:00,11788.35,11791.47,11781.8,11791.31,17.801407,0.10625,11786.634999999998
2020-08-17 02:34:00,11791.32,11805.8,11790.46,11805.38,41.802855,0.10694444444444444,11798.13
2020-08-17 02:35:00,11805.38,11831.44,11804.9,11824.69,65.907421,0.1076388888888889,11818.17
2020-08-17 02:36:00,11824.69,11830.77,11824.69,11826.15,38.876955,0.10833333333333334,11827.73
2020-08-17 02:37:00,11826.15,11840.34,11826.15,11839.31,27.743789,0.10902777777777778,11833.244999999999
2020-08-17 02:38:00,11839.32,11842.09,11830.6,11835.18,36.397423,0.10972222222222222,11836.345000000001
2020-08-17 02:39:00,11835.19,11842.13,11834.99,11840.86,31.926272,0.11041666666666666,11838.56
2020-08-17 02:40:00,11840.85,11845.0,11836.26,11843.13,20.047114,0.1111111111111111,11840.630000000001
2020-08-17 02:41:00,11843.13,11848.01,11838.87,11848.01,42.080858,0.11180555555555556,11843.44
2020-08-17 02:42:00,11847.67,11849.7,11847.67,11849.59,9.932142,0.1125,11848.685000000001
2020-08-17 02:43:00,11849.59,11849.88,11845.9,11846.41,14.20607,0.11319444444444444,11847.89
2020-08-17 02:44:00,11846.4,11850.74,11843.19,11843.91,20.693751,0.11388888888888889,11846.965
2020-08-17 02:45:00,11843.91,11843.91,11837.21,11839.4,18.574024,0.11458333333333333,11840.56
2020-08-17 02:46:00,11839.4,11843.36,11833.47,11843.36,34.408601,0.11527777777777778,11838.415
2020-08-17 02:47:00,11843.35,11847.62,11836.08,11839.27,14.820889,0.11597222222222223,11841.85
2020-08-17 02:48:00,11839.28,11840.19,11836.94,11837.71,14.487168,0.11666666666666667,11838.565
2020-08-17 02:49:00,11837.85,11842.7,11837.85,11840.0,15.45944,0.11736111111111111,11840.275000000001
2020-08-17 02:50:00,11839.77,11856.92,11839.58,11855.35,41.582923,0.11805555555555555,11848.25
2020-08-17 02:51:00,11855.35,11855.35,11846.15,11850.68,12.488154,0.11875,11850.75
2020-08-17 02:52:00,11850.67,11855.7,11848.5,11855.22,17.680874,0.11944444444444445,11852.1
2020-08-17 02:53:00,11855.22,11868.0,11855.22,11859.53,50.971217,0.12013888888888889,11861.61
2020-08-17 02:54:00,11859.53,11859.53,11852.17,11853.97,16.018973,0.12083333333333333,11855.85
2020-08-17 02:55:00,11853.98,11859.63,11853.38,11857.74,8.250725,0.12152777777777778,11856.505
2020-08-17 02:56:00,11857.73,11859.39,11853.44,11859.0,12.205801,0.12222222222222222,11856.415
2020-08-17 02:57:00,11859.01,11864.33,11857.06,11857.45,27.176643,0.12291666666666666,11860.695
2020-08-17 02:58:00,11857.08,11859.02,11852.4,11859.02,25.270374,0.12361111111111112,11855.71
2020-08-17 02:59:00,11859.02,11861.48,11858.05,11860.27,17.442383,0.12430555555555556,11859.765
2020-08-17 03:00:00,11860.26,11864.51,11858.63,11859.88,26.185457,0.125,11861.57
2020-08-17 03:01:00,11859.35,11863.0,11848.44,11851.49,37.568438,0.12569444444444444,11855.720000000001
2020-08-17 03:02:00,11851.49,11851.49,11848.72,11849.26,23.752519,0.12638888888888888,11850.105
2020-08-17 03:03:00,11849.25,11854.0,11843.8,11851.64,32.570637,0.12708333333333333,11848.9
2020-08-17 03:04:00,11851.64,11863.74,11851.64,11863.4,20.967858,0.12777777777777777,11857.689999999999
2020-08-17 03:05:00,11863.19,11863.19,11857.04,11861.14,23.439415,0.1284722222222222,11860.115000000002
2020-08-17 03:06:00,11861.19,11861.24,11852.13,11855.09,14.2404,0.12916666666666668,11856.685
2020-08-17 03:07:00,11855.59,11855.82,11844.17,11844.17,24.497642,0.12986111111111112,11849.994999999999
2020-08-17 03:08:00,11844.17,11849.92,11841.11,11848.52,24.254421,0.13055555555555556,11845.515
2020-08-17 03:09:00,11848.53,11851.12,11845.11,11845.98,12.931248,0.13125,11848.115000000002
2020-08-17 03:10:00,11845.98,11851.41,11844.28,11844.28,7.383867,0.13194444444444445,11847.845000000001
2020-08-17 03:11:00,11845.4,11852.14,11845.39,11851.66,12.71665,0.1326388888888889,11848.765
2020-08-17 03:12:00,11851.66,11856.33,11851.2,11856.02,7.855463,0.13333333333333333,11853.765
2020-08-17 03:13:00,11856.03,11856.71,11849.05,11849.97,19.523874,0.13402777777777777,11852.88
2020-08-17 03:14:00,11849.96,11849.96,11840.9,11843.6,28.410095,0.13472222222222222,11845.43
2020-08-17 03:15:00,11843.6,11849.07,11837.48,11840.52,21.382763,0.13541666666666666,11843.275
2020-08-17 03:16:00,11840.52,11845.34,11838.37,11841.79,22.953225,0.1361111111111111,11841.855
2020-08-17 03:17:00,11841.79,11853.83,11841.79,11852.57,25.975464,0.13680555555555557,11847.810000000001
2020-08-17 03:18:00,11852.56,11853.59,11846.11,11847.44,10.848256,0.1375,11849.85
2020-08-17 03:19:00,11847.45,11853.0,11847.45,11853.0,10.138889,0.13819444444444445,11850.225
2020-08-17 03:20:00,11853.0,11854.34,11846.13,11850.65,17.361063,0.1388888888888889,11850.235
2020-08-17 03:21:00,11850.65,11852.15,11849.75,11851.83,7.298919,0.13958333333333334,11850.95
2020-08-17 03:22:00,11851.83,11854.45,11849.77,11851.75,23.503251,0.14027777777777778,11852.11
2020-08-17 03:23:00,11851.75,11856.79,11851.75,11856.12,18.236229,0.14097222222222222,11854.27
2020-08-17 03:24:00,11856.22,11860.0,11856.22,11859.99,10.920602,0.14166666666666666,11858.11
2020-08-17 03:25:00,11860.0,11860.59,11859.28,11860.42,8.27489,0.1423611111111111,11859.935000000001
2020-08-17 03:26:00,11860.42,11860.43,11854.49,11855.82,14.6036,0.14305555555555555,11857.46
2020-08-17 03:27:00,11855.81,11861.0,11853.03,11853.47,12.228379,0.14375,11857.015
2020-08-17 03:28:00,11853.48,11857.72,11852.42,11855.2,14.2173,0.14444444444444443,11855.07
2020-08-17 03:29:00,11855.21,11855.21,11853.03,11853.03,13.46294,0.1451388888888889,11854.119999999999
2020-08-17 03:30:00,11853.04,11861.0,11853.04,11861.0,20.648238,0.14583333333333334,11857.02
2020-08-17 03:31:00,11860.77,11862.08,11857.8,11859.48,17.700261,0.14652777777777778,11859.939999999999
2020-08-17 03:32:00,11859.48,11861.01,11859.1,11860.79,18.411687,0.14722222222222223,11860.055
2020-08-17 03:33:00,11860.7,11862.45,11860.23,11860.41,14.291035,0.14791666666666667,11861.34
2020-08-17 03:34:00,11860.41,11862.08,11857.28,11861.01,16.004376,0.1486111111111111,11859.68
2020-08-17 03:35:00,11861.02,11865.0,11861.01,11865.0,36.730532,0.14930555555555555,11863.005000000001
2020-08-17 03:36:00,11864.99,11868.16,11864.74,11868.08,7.352277,0.15,11866.45
2020-08-17 03:37:00,11868.08,11868.4,11859.17,11860.3,19.327781,0.15069444444444444,11863.785
2020-08-17 03:38:00,11860.29,11862.53,11859.17,11861.39,10.88489,0.15138888888888888,11860.85
2020-08-17 03:39:00,11861.39,11863.7,11861.38,11862.88,16.193975,0.15208333333333332,11862.54
2020-08-17 03:40:00,11862.88,11864.02,11861.55,11864.02,20.63525,0.1527777777777778,11862.785
2020-08-17 03:41:00,11863.23,11868.76,11863.23,11866.8,12.460502,0.15347222222222223,11865.994999999999
2020-08-17 03:42:00,11866.8,11870.0,11864.77,11869.18,19.7245,0.15416666666666667,11867.385
2020-08-17 03:43:00,11869.18,11871.15,11865.21,11865.88,17.036267,0.15486111111111112,11868.18
2020-08-17 03:44:00,11865.89,11866.25,11856.5,11860.15,39.517672,0.15555555555555556,11861.375
2020-08-17 03:45:00,11860.14,11865.84,11856.74,11856.88,11.645165,0.15625,11861.29
2020-08-17 03:46:00,11856.87,11862.41,11853.06,11860.84,21.742297,0.15694444444444444,11857.735
2020-08-17 03:47:00,11860.84,11865.85,11860.1,11865.73,28.354178,0.15763888888888888,11862.975
2020-08-17 03:48:00,11865.74,11870.48,11864.38,11866.24,19.002202,0.15833333333333333,11867.43
2020-08-17 03:49:00,11866.24,11872.77,11865.4,11867.06,34.09003,0.15902777777777777,11869.085
2020-08-17 03:50:00,11867.06,11872.82,11867.05,11868.02,22.365982,0.1597222222222222,11869.935
2020-08-17 03:51:00,11868.01,11868.99,11865.63,11868.32,22.357001,0.16041666666666668,11867.31
2020-08-17 03:52:00,11868.32,11868.52,11868.0,11868.51,15.995116,0.16111111111111112,11868.26
2020-08-17 03:53:00,11868.52,11870.63,11866.51,11866.51,33.357169,0.16180555555555556,11868.57
2020-08-17 03:54:00,11866.51,11868.4,11860.3,11868.39,40.93346,0.1625,11864.349999999999
2020-08-17 03:55:00,11868.39,11868.4,11862.24,11863.88,58.34809,0.16319444444444445,11865.32
2020-08-17 03:56:00,11863.88,11864.1,11851.97,11851.98,39.604608,0.1638888888888889,11858.035
2020-08-17 03:57:00,11851.98,11854.61,11850.0,11850.01,54.923953,0.16458333333333333,11852.305
2020-08-17 03:58:00,11850.0,11850.01,11840.63,11841.17,44.589115,0.16527777777777777,11845.32
2020-08-17 03:59:00,11841.27,11849.83,11841.27,11844.71,13.992374,0.16597222222222222,11845.55
2020-08-17 04:00:00,11844.72,11858.91,11840.69,11851.86,93.221675,0.16666666666666666,11849.8
2020-08-17 04:01:00,11852.12,11852.12,11840.13,11843.23,19.240422,0.1673611111111111,11846.125
2020-08-17 04:02:00,11843.23,11845.39,11837.69,11842.81,38.872762,0.16805555555555557,11841.54
2020-08-17 04:03:00,11842.81,11845.31,11838.78,11840.26,14.260444,0.16875,11842.045
2020-08-17 04:04:00,11840.26,11845.98,11837.96,11841.2,23.855333,0.16944444444444445,11841.97
2020-08-17 04:05:00,11841.19,11846.73,11841.06,11844.97,22.661499,0.1701388888888889,11843.895
2020-08-17 04:06:00,11844.98,11844.98,11835.99,11837.0,27.797445,0.17083333333333334,11840.485
2020-08-17 04:07:00,11836.99,11840.22,11834.46,11836.0,14.993424,0.17152777777777778,11837.34
2020-08-17 04:08:00,11836.0,11840.55,11835.31,11839.09,10.276236,0.17222222222222222,11837.93
2020-08-17 04:09:00,11839.08,11839.11,11830.22,11830.52,22.863093,0.17291666666666666,11834.665
2020-08-17 04:10:00,11830.52,11837.54,11830.51,11836.18,11.405978,0.1736111111111111,11834.025000000001
2020-08-17 04:11:00,11836.17,11837.88,11835.19,11835.57,7.984294,0.17430555555555555,11836.535
2020-08-17 04:12:00,11835.57,11835.57,11820.71,11824.98,52.080462,0.175,11828.14
2020-08-17 04:13:00,11824.87,11824.87,11816.49,11818.76,20.23287,0.17569444444444443,11820.68
2020-08-17 04:14:00,11819.16,11825.97,11818.28,11818.76,13.720947,0.1763888888888889,11822.125
2020-08-17 04:15:00,11818.77,11821.44,11816.18,11817.37,28.166947,0.17708333333333334,11818.810000000001
2020-08-17 04:16:00,11817.37,11820.63,11813.94,11815.97,40.430507,0.17777777777777778,11817.285
2020-08-17 04:17:00,11815.82,11822.13,11814.01,11814.88,16.941607,0.17847222222222223,11818.07
2020-08-17 04:18:00,11814.88,11822.87,11813.88,11815.91,27.056733,0.17916666666666667,11818.375
2020-08-17 04:19:00,11816.02,11822.09,11815.04,11819.89,16.406792,0.1798611111111111,11818.565
2020-08-17 04:20:00,11819.88,11830.71,11819.43,11825.86,25.542142,0.18055555555555555,11825.07
2020-08-17 04:21:00,11825.85,11826.39,11822.26,11825.59,33.339301,0.18125,11824.325
2020-08-17 04:22:00,11825.59,11828.45,11821.99,11827.29,17.936984,0.18194444444444444,11825.220000000001
2020-08-17 04:23:00,11827.11,11829.38,11826.03,11828.64,24.206032,0.18263888888888888,11827.705
2020-08-17 04:24:00,11828.64,11828.65,11826.52,11826.68,28.176416,0.18333333333333332,11827.585
2020-08-17 04:25:00,11826.68,11826.68,11820.0,11821.44,17.35994,0.1840277777777778,11823.34
2020-08-17 04:26:00,11821.43,11823.33,11820.96,11821.91,12.179964,0.18472222222222223,11822.145
2020-08-17 04:27:00,11821.91,11822.15,11818.46,11819.02,23.528279,0.18541666666666667,11820.305
2020-08-17 04:28:00,11819.03,11819.16,11814.28,11818.01,12.18675,0.18611111111111112,11816.720000000001
2020-08-17 04:29:00,11818.0,11822.53,11817.9,11822.42,21.576875,0.18680555555555556,11820.215
2020-08-17 04:30:00,11822.43,11833.58,11822.42,11830.06,40.069046,0.1875,11828.0
2020-08-17 04:31:00,11830.06,11835.0,11828.98,11831.92,29.602421,0.18819444444444444,11831.99
2020-08-17 04:32:00,11831.93,11835.32,11831.85,11834.6,36.100777,0.18888888888888888,11833.585
2020-08-17 04:33:00,11834.61,11835.53,11833.0,11834.49,12.932503,0.18958333333333333,11834.265
2020-08-17 04:34:00,11834.49,11834.56,11830.03,11832.3,9.707193,0.19027777777777777,11832.295
2020-08-17 04:35:00,11832.3,11834.6,11830.15,11831.52,18.001325,0.1909722222222222,11832.375
2020-08-17 04:36:00,11831.53,11833.83,11831.3,11832.48,11.9805,0.19166666666666668,11832.564999999999
2020-08-17 04:37:00,11832.48,11835.17,11832.48,11835.01,18.960985,0.19236111111111112,11833.825
2020-08-17 04:38:00,11835.0,11835.01,11830.91,11832.87,15.186197,0.19305555555555556,11832.96
2020-08-17 04:39:00,11832.87,11833.7,11830.06,11830.45,19.774738,0.19375,11831.880000000001
2020-08-17 04:40:00,11830.46,11831.07,11829.24,11829.54,19.727534,0.19444444444444445,11830.154999999999
2020-08-17 04:41:00,11829.54,11829.75,11827.84,11828.15,14.579807,0.1951388888888889,11828.795
2020-08-17 04:42:00,11828.28,11828.55,11823.08,11823.94,11.646302,0.19583333333333333,11825.814999999999
2020-08-17 04:43:00,11823.83,11823.83,11814.62,11817.01,28.429859,0.19652777777777777,11819.225
2020-08-17 04:44:00,11817.01,11817.01,11805.13,11811.74,66.284813,0.19722222222222222,11811.07
2020-08-17 04:45:00,11811.73,11813.04,11806.64,11807.17,30.757304,0.19791666666666666,11809.84
2020-08-17 04:46:00,11807.17,11811.0,11806.25,11811.0,32.61581,0.1986111111111111,11808.625
2020-08-17 04:47:00,11810.88,11818.22,11808.29,11816.29,38.221678,0.19930555555555557,11813.255000000001
2020-08-17 04:48:00,11816.36,11822.66,11815.82,11818.06,36.109541,0.2,11819.24
2020-08-17 04:49:00,11818.14,11823.41,11817.61,11822.89,31.312106,0.20069444444444445,11820.51
2020-08-17 04:50:00,11822.64,11828.99,11822.41,11828.87,15.279849,0.2013888888888889,11825.7
2020-08-17 04:51:00,11828.88,11828.99,11824.53,11824.93,10.191328,0.20208333333333334,11826.76
2020-08-17 04:52:00,11824.92,11827.35,11822.0,11822.98,22.126028,0.20277777777777778,11824.675
2020-08-17 04:53:00,11822.98,11822.98,11811.48,11812.5,21.267002,0.20347222222222222,11817.23
2020-08-17 04:54:00,11812.51,11812.51,11807.05,11809.06,19.581046,0.20416666666666666,11809.779999999999
2020-08-17 04:55:00,11809.06,11812.46,11807.65,11807.89,30.066401,0.2048611111111111,11810.055
2020-08-17 04:56:00,11807.89,11807.89,11803.39,11803.39,20.529915,0.20555555555555555,11805.64
2020-08-17 04:57:00,11803.66,11809.98,11802.35,11809.62,21.639123,0.20625,11806.165
2020-08-17 04:58:00,11809.63,11809.63,11805.83,11808.9,17.493544,0.20694444444444443,11807.73
2020-08-17 04:59:00,11808.9,11809.39,11805.04,11809.38,15.494988,0.2076388888888889,11807.215
2020-08-17 05:00:00,11809.39,11811.89,11805.74,11810.92,23.771831,0.20833333333333334,11808.814999999999
2020-08-17 05:01:00,11810.93,11820.13,11810.34,11820.01,16.645172,0.20902777777777778,11815.235
2020-08-17 05:02:00,11820.01,11820.19,11811.39,11814.69,52.486101,0.20972222222222223,11815.79
2020-08-17 05:03:00,11814.68,11817.64,11811.76,11815.52,22.248461,0.21041666666666667,11814.7
2020-08-17 05:04:00,11815.51,11818.55,11790.0,11814.22,145.815581,0.2111111111111111,11804.275
2020-08-17 05:05:00,11814.22,11814.22,11810.0,11811.03,12.714083,0.21180555555555555,11812.11
2020-08-17 05:06:00,11811.02,11811.02,11805.96,11805.96,15.267947,0.2125,11808.49
2020-08-17 05:07:00,11805.97,11811.87,11805.96,11809.34,8.14116,0.21319444444444444,11808.915
2020-08-17 05:08:00,11809.34,11817.61,11809.34,11815.65,13.171855,0.21388888888888888,11813.475
2020-08-17 05:09:00,11815.65,11819.4,11811.73,11815.66,39.016275,0.21458333333333332,11815.564999999999
2020-08-17 05:10:00,11815.65,11827.42,11815.65,11826.76,27.812148,0.2152777777777778,11821.535
2020-08-17 05:11:00,11826.76,11833.33,11826.71,11830.28,22.666025,0.21597222222222223,11830.02
2020-08-17 05:12:00,11830.29,11833.26,11828.42,11832.89,34.705382,0.21666666666666667,11830.84
2020-08-17 05:13:00,11832.89,11836.9,11824.49,11830.69,46.199151,0.21736111111111112,11830.695
2020-08-17 05:14:00,11830.56,11832.21,11828.91,11829.57,11.572029,0.21805555555555556,11830.56
2020-08-17 05:15:00,11829.56,11829.56,11824.92,11825.36,19.743066,0.21875,11827.24
2020-08-17 05:16:00,11825.38,11827.0,11823.79,11826.76,23.880465,0.21944444444444444,11825.395
2020-08-17 05:17:00,11826.77,11827.0,11822.77,11824.53,17.283919,0.22013888888888888,11824.885
2020-08-17 05:18:00,11824.29,11827.0,11822.89,11823.17,24.328066,0.22083333333333333,11824.945
2020-08-17 05:19:00,11823.17,11824.96,11822.78,11822.99,17.419126,0.22152777777777777,11823.869999999999
2020-08-17 05:20:00,11823.14,11823.14,11818.8,11820.68,33.733458,0.2222222222222222,11820.97
2020-08-17 05:21:00,11820.68,11825.0,11820.68,11821.81,31.275017,0.22291666666666668,11822.84
2020-08-17 05:22:00,11821.87,11822.84,11818.6,11820.77,26.543214,0.22361111111111112,11820.720000000001
2020-08-17 05:23:00,11820.77,11827.0,11819.1,11822.26,42.333837,0.22430555555555556,11823.05
2020-08-17 05:24:00,11822.26,11827.41,11819.71,11826.97,14.917272,0.225,11823.56
2020-08-17 05:25:00,11826.97,11826.97,11821.25,11825.09,25.674931,0.22569444444444445,11824.11
2020-08-17 05:26:00,11825.1,11826.19,11822.62,11824.12,16.662205,0.2263888888888889,11824.405
2020-08-17 05:27:00,11824.29,11824.42,11822.2,11823.32,12.62632,0.22708333333333333,11823.310000000001
2020-08-17 05:28:00,11823.33,11827.65,11819.12,11826.99,41.732291,0.22777777777777777,11823.385
2020-08-17 05:29:00,11827.0,11828.49,11824.52,11827.95,9.9192,0.22847222222222222,11826.505000000001
2020-08-17 05:30:00,11827.94,11832.39,11827.25,11830.68,26.814831,0.22916666666666666,11829.82
2020-08-17 05:31:00,11830.68,11830.69,11828.82,11830.47,17.539594,0.2298611111111111,11829.755000000001
2020-08-17 05:32:00,11830.48,11833.0,11830.47,11833.0,10.769725,0.23055555555555557,11831.735
2020-08-17 05:33:00,11832.99,11835.31,11830.53,11833.18,75.160243,0.23125,11832.92
2020-08-17 05:34:00,11833.18,11834.04,11829.88,11832.62,17.761727,0.23194444444444445,11831.96
2020-08-17 05:35:00,11832.61,11832.61,11829.74,11830.3,13.540812,0.2326388888888889,11831.175
2020-08-17 05:36:00,11830.29,11831.02,11825.04,11828.77,28.232431,0.23333333333333334,11828.03
2020-08-17 05:37:00,11828.78,11830.9,11821.6,11826.02,29.487694,0.23402777777777778,11826.25
2020-08-17 05:38:00,11826.01,11827.19,11820.22,11821.28,46.022754,0.23472222222222222,11823.705
2020-08-17 05:39:00,11821.29,11822.28,11820.15,11821.25,14.891187,0.23541666666666666,11821.215
2020-08-17 05:40:00,11821.25,11821.73,11817.23,11817.23,19.490263,0.2361111111111111,11819.48
2020-08-17 05:41:00,11817.23,11817.23,11811.71,11812.74,20.546594,0.23680555555555555,11814.47
2020-08-17 05:42:00,11812.88,11818.77,11811.87,11816.79,46.444007,0.2375,11815.32
2020-08-17 05:43:00,11816.81,11822.26,11813.2,11816.37,32.15277,0.23819444444444443,11817.73
2020-08-17 05:44:00,11816.37,11819.31,11816.26,11817.95,14.101939,0.2388888888888889,11817.785
2020-08-17 05:45:00,11817.95,11817.95,11813.85,11813.97,17.658113,0.23958333333333334,11815.900000000001
2020-08-17 05:46:00,11813.97,11815.5,11811.7,11815.03,14.929853,0.24027777777777778,11813.6
2020-08-17 05:47:00,11815.03,11816.33,11814.24,11814.68,15.502459,0.24097222222222223,11815.285
2020-08-17 05:48:00,11814.68,11814.68,11811.0,11812.11,16.842814,0.24166666666666667,11812.84
2020-08-17 05:49:00,11812.1,11812.43,11809.45,11810.25,24.042105,0.2423611111111111,11810.94
2020-08-17 05:50:00,11810.0,11810.01,11801.31,11807.22,35.427165,0.24305555555555555,11805.66
2020-08-17 05:51:00,11807.22,11809.5,11800.0,11808.23,53.784216,0.24375,11804.75
2020-08-17 05:52:00,11808.23,11808.92,11800.0,11805.61,42.308841,0.24444444444444444,11804.46
2020-08-17 05:53:00,11805.62,11807.24,11802.11,11803.56,23.279062,0.24513888888888888,11804.675
2020-08-17 05:54:00,11803.56,11807.09,11796.32,11800.4,60.705832,0.24583333333333332,11801.705
2020-08-17 05:55:00,11800.41,11801.41,11794.17,11794.28,28.690456,0.2465277777777778,11797.79
2020-08-17 05:56:00,11794.28,11796.99,11791.66,11793.14,36.681407,0.24722222222222223,11794.325
2020-08-17 05:57:00,11793.13,11802.84,11791.02,11796.96,18.214165,0.24791666666666667,11796.93
2020-08-17 05:58:00,11797.12,11800.25,11795.95,11796.69,22.16495,0.24861111111111112,11798.1
2020-08-17 05:59:00,11796.68,11801.2,11796.68,11800.01,15.442509,0.24930555555555556,11798.94
2020-08-17 06:00:00,11800.0,11800.01,11786.66,11788.15,45.629394,0.25,11793.335
2020-08-17 06:01:00,11788.95,11789.16,11785.53,11787.61,24.294347,0.25069444444444444,11787.345000000001
2020-08-17 06:02:00,11787.62,11790.09,11785.23,11788.6,41.239438,0.2513888888888889,11787.66
2020-08-17 06:03:00,11788.6,11798.53,11788.6,11798.37,38.338728,0.2520833333333333,11793.565
2020-08-17 06:04:00,11798.37,11816.51,11796.31,11814.08,74.185351,0.25277777777777777,11806.41
2020-08-17 06:05:00,11814.08,11821.24,11809.78,11817.74,45.465572,0.2534722222222222,11815.51
2020-08-17 06:06:00,11817.72,11819.15,11814.17,11817.22,52.723498,0.25416666666666665,11816.66
2020-08-17 06:07:00,11817.2,11818.79,11816.02,11817.62,17.143221,0.2548611111111111,11817.405
2020-08-17 06:08:00,11817.62,11822.04,11814.65,11821.59,31.026047,0.25555555555555554,11818.345000000001
2020-08-17 06:09:00,11821.59,11822.35,11816.92,11821.45,21.273873,0.25625,11819.635
2020-08-17 06:10:00,11821.45,11827.22,11818.8,11827.21,26.928172,0.2569444444444444,11823.009999999998
2020-08-17 06:11:00,11827.22,11830.0,11826.65,11829.99,22.717555,0.25763888888888886,11828.325
2020-08-17 06:12:00,11829.99,11831.35,11828.35,11828.74,16.511547,0.25833333333333336,11829.85
2020-08-17 06:13:00,11828.74,11835.85,11828.74,11835.85,19.310139,0.2590277777777778,11832.295
2020-08-17 06:14:00,11835.88,11835.89,11832.85,11834.5,40.447197,0.25972222222222224,11834.369999999999
2020-08-17 06:15:00,11834.5,11834.5,11831.13,11832.91,16.980537,0.2604166666666667,11832.814999999999
2020-08-17 06:16:00,11832.91,11833.6,11826.37,11830.12,64.233026,0.2611111111111111,11829.985
2020-08-17 06:17:00,11830.12,11830.99,11824.0,11824.9,43.457205,0.26180555555555557,11827.494999999999
2020-08-17 06:18:00,11824.9,11830.0,11823.65,11825.46,18.580569,0.2625,11826.825
2020-08-17 06:19:00,11825.46,11832.0,11824.7,11830.87,17.969284,0.26319444444444445,11828.35
2020-08-17 06:20:00,11830.87,11830.87,11825.3,11827.85,20.054284,0.2638888888888889,11828.085
2020-08-17 06:21:00,11827.85,11830.97,11825.91,11829.25,31.191135,0.26458333333333334,11828.439999999999
2020-08-17 06:22:00,11829.25,11830.0,11828.01,11829.74,16.311452,0.2652777777777778,11829.005000000001
2020-08-17 06:23:00,11829.73,11841.23,11829.73,11840.02,33.405053,0.2659722222222222,11835.48
2020-08-17 06:24:00,11841.23,11842.19,11837.33,11841.02,20.159784,0.26666666666666666,11839.76
2020-08-17 06:25:00,11841.03,11846.74,11841.0,11844.48,32.761016,0.2673611111111111,11843.869999999999
2020-08-17 06:26:00,11844.47,11845.8,11838.2,11840.54,24.188813,0.26805555555555555,11842.0
2020-08-17 06:27:00,11840.54,11841.23,11837.89,11839.06,21.980229,0.26875,11839.56
2020-08-17 06:28:00,11839.06,11841.59,11838.68,11838.98,25.638778,0.26944444444444443,11840.135
2020-08-17 06:29:00,11838.99,11840.01,11833.89,11835.3,31.315081,0.2701388888888889,11836.95
2020-08-17 06:30:00,11835.3,11840.79,11835.3,11837.89,24.593531,0.2708333333333333,11838.045
2020-08-17 06:31:00,11837.89,11837.9,11831.02,11832.15,23.683185,0.27152777777777776,11834.46
2020-08-17 06:32:00,11832.13,11836.21,11829.77,11829.78,77.456804,0.2722222222222222,11832.99
2020-08-17 06:33:00,11829.77,11831.31,11829.41,11830.31,13.787128,0.27291666666666664,11830.36
2020-08-17 06:34:00,11830.32,11830.32,11825.15,11825.54,49.383076,0.27361111111111114,11827.735
2020-08-17 06:35:00,11825.54,11828.19,11822.78,11826.95,12.264628,0.2743055555555556,11825.485
2020-08-17 06:36:00,11827.58,11827.58,11823.63,11825.77,17.624757,0.275,11825.605
2020-08-17 06:37:00,11825.77,11825.78,11822.0,11822.01,19.515376,0.27569444444444446,11823.89
2020-08-17 06:38:00,11822.0,11822.99,11818.83,11820.05,11.379851,0.2763888888888889,11820.91
2020-08-17 06:39:00,11819.93,11820.18,11819.93,11820.05,7.833958,0.27708333333333335,11820.055
2020-08-17 06:40:00,11820.05,11824.34,11820.05,11822.86,15.067975,0.2777777777777778,11822.195
2020-08-17 06:41:00,11822.86,11822.86,11822.18,11822.49,19.279563,0.27847222222222223,11822.52
2020-08-17 06:42:00,11822.49,11822.81,11819.0,11819.79,12.820558,0.2791666666666667,11820.904999999999
2020-08-17 06:43:00,11819.79,11820.26,11818.81,11818.82,16.790687,0.2798611111111111,11819.535
2020-08-17 06:44:00,11818.82,11819.02,11817.3,11817.55,14.056866,0.28055555555555556,11818.16
2020-08-17 06:45:00,11817.55,11817.55,11813.07,11815.19,32.453051,0.28125,11815.31
2020-08-17 06:46:00,11815.19,11819.54,11813.15,11814.29,31.858074,0.28194444444444444,11816.345000000001
2020-08-17 06:47:00,11814.29,11814.77,11802.96,11808.5,33.475614,0.2826388888888889,11808.865
2020-08-17 06:48:00,11808.5,11810.94,11805.64,11805.64,36.228857,0.2833333333333333,11808.29
2020-08-17 06:49:00,11805.45,11806.44,11805.44,11806.21,12.653949,0.28402777777777777,11805.94
2020-08-17 06:50:00,11806.2,11807.01,11804.2,11807.0,15.996135,0.2847222222222222,11805.605
2020-08-17 06:51:00,11807.0,11810.0,11805.51,11809.02,21.540861,0.28541666666666665,11807.755000000001
2020-08-17 06:52:00,11809.01,11809.01,11802.02,11802.36,15.565757,0.2861111111111111,11805.515
2020-08-17 06:53:00,11802.36,11803.82,11801.26,11801.78,18.007701,0.28680555555555554,11802.54
2020-08-17 06:54:00,11801.55,11802.84,11800.03,11801.43,16.911597,0.2875,11801.435000000001
2020-08-17 06:55:00,11801.42,11801.64,11800.03,11800.04,18.156385,0.2881944444444444,11800.835
2020-08-17 06:56:00,11800.04,11800.04,11795.16,11797.33,41.616238,0.28888888888888886,11797.6
2020-08-17 06:57:00,11797.21,11800.83,11796.69,11800.0,26.471887,0.28958333333333336,11798.76
2020-08-17 06:58:00,11799.47,11808.44,11799.32,11806.75,29.089711,0.2902777777777778,11803.880000000001
2020-08-17 06:59:00,11806.53,11807.64,11804.9,11806.37,14.264973,0.29097222222222224,11806.27
2020-08-17 07:00:00,11806.37,11806.37,11798.0,11799.57,30.56975,0.2916666666666667,11802.185000000001
2020-08-17 07:01:00,11799.57,11804.07,11795.16,11802.81,26.892288,0.2923611111111111,11799.615
2020-08-17 07:02:00,11802.91,11804.16,11795.92,11797.45,23.067634,0.29305555555555557,11800.04
2020-08-17 07:03:00,11797.45,11802.09,11795.16,11802.09,26.379598,0.29375,11798.625
2020-08-17 07:04:00,11800.3,11807.72,11800.3,11807.01,16.033313,0.29444444444444445,11804.009999999998
2020-08-17 07:05:00,11807.0,11807.01,11799.3,11801.81,28.618504,0.2951388888888889,11803.154999999999
2020-08-17 07:06:00,11801.81,11801.81,11792.32,11795.09,37.307746,0.29583333333333334,11797.064999999999
2020-08-17 07:07:00,11795.08,11800.8,11794.79,11796.03,24.871522,0.2965277777777778,11797.795
2020-08-17 07:08:00,11796.04,11802.73,11796.01,11800.77,16.438723,0.2972222222222222,11799.369999999999
2020-08-17 07:09:00,11801.23,11801.32,11795.09,11798.96,29.825962,0.29791666666666666,11798.205
2020-08-17 07:10:00,11798.96,11805.0,11796.68,11805.0,21.247442,0.2986111111111111,11800.84
2020-08-17 07:11:00,11805.0,11805.0,11800.0,11801.27,16.797589,0.29930555555555555,11802.5
2020-08-17 07:12:00,11801.28,11808.0,11801.11,11803.91,35.143459,0.3,11804.555
2020-08-17 07:13:00,11803.91,11809.1,11801.45,11809.1,27.432857,0.30069444444444443,11805.275000000001
2020-08-17 07:14:00,11808.68,11811.98,11807.55,11810.67,19.691074,0.3013888888888889,11809.765
2020-08-17 07:15:00,11810.67,11812.71,11808.42,11812.7,23.991662,0.3020833333333333,11810.564999999999
2020-08-17 07:16:00,11812.6,11815.0,11812.19,11814.9,42.665955,0.30277777777777776,11813.595000000001
2020-08-17 07:17:00,11814.89,11818.0,11814.79,11817.99,19.501936,0.3034722222222222,11816.395
2020-08-17 07:18:00,11817.99,11822.33,11817.99,11820.89,30.121884,0.30416666666666664,11820.16
2020-08-17 07:19:00,11820.88,11822.32,11819.98,11821.42,11.464367,0.30486111111111114,11821.15
2020-08-17 07:20:00,11821.42,11821.42,11817.08,11820.41,20.395365,0.3055555555555556,11819.25
2020-08-17 07:21:00,11819.51,11821.1,11819.36,11821.1,7.985198,0.30625,11820.23
2020-08-17 07:22:00,11821.09,11822.41,11820.21,11820.56,17.082864,0.30694444444444446,11821.31
2020-08-17 07:23:00,11820.56,11821.95,11820.0,11821.56,20.992087,0.3076388888888889,11820.975
2020-08-17 07:24:00,11821.57,11829.11,11821.56,11823.33,29.155511,0.30833333333333335,11825.335
2020-08-17 07:25:00,11823.33,11830.0,11823.32,11830.0,52.320591,0.3090277777777778,11826.66
2020-08-17 07:26:00,11830.0,11832.68,11829.99,11832.3,24.549096,0.30972222222222223,11831.335
2020-08-17 07:27:00,11832.3,11837.34,11832.19,11832.83,33.270708,0.3104166666666667,11834.765
2020-08-17 07:28:00,11832.84,11839.81,11832.68,11834.34,41.229723,0.3111111111111111,11836.244999999999
2020-08-17 07:29:00,11834.53,11834.86,11831.77,11833.51,17.369913,0.31180555555555556,11833.315
2020-08-17 07:30:00,11833.5,11833.98,11828.99,11830.95,24.653999,0.3125,11831.485
2020-08-17 07:31:00,11830.95,11831.68,11822.34,11822.98,60.155975,0.31319444444444444,11827.01
2020-08-17 07:32:00,11822.97,11823.0,11818.43,11822.86,46.653752,0.3138888888888889,11820.715
2020-08-17 07:33:00,11822.86,11823.0,11813.57,11816.8,44.883116,0.3145833333333333,11818.285
2020-08-17 07:34:00,11816.91,11820.75,11816.3,11818.0,40.706633,0.31527777777777777,11818.525
2020-08-17 07:35:00,11818.0,11829.29,11818.0,11829.29,75.708961,0.3159722222222222,11823.645
2020-08-17 07:36:00,11829.25,11830.0,11826.93,11830.0,28.659355,0.31666666666666665,11828.465
2020-08-17 07:37:00,11830.0,11836.2,11829.99,11835.87,28.188243,0.3173611111111111,11833.095000000001
2020-08-17 07:38:00,11835.77,11839.42,11835.77,11837.27,16.451357,0.31805555555555554,11837.595000000001
2020-08-17 07:39:00,11837.26,11840.0,11833.1,11834.71,49.061943,0.31875,11836.55
2020-08-17 07:40:00,11834.71,11843.01,11833.66,11834.6,59.306073,0.3194444444444444,11838.335
2020-08-17 07:41:00,11834.6,11834.61,11829.88,11830.57,35.395696,0.32013888888888886,11832.244999999999
2020-08-17 07:42:00,11830.57,11832.72,11827.77,11829.22,32.62155,0.32083333333333336,11830.244999999999
2020-08-17 07:43:00,11829.34,11832.83,11829.01,11829.82,18.378328,0.3215277777777778,11830.92
2020-08-17 07:44:00,11829.69,11832.82,11829.0,11830.71,25.82638,0.32222222222222224,11830.91
2020-08-17 07:45:00,11830.69,11831.05,11825.0,11825.34,24.456271,0.3229166666666667,11828.025
2020-08-17 07:46:00,11825.34,11828.2,11822.41,11823.54,22.141929,0.3236111111111111,11825.305
2020-08-17 07:47:00,11823.55,11836.69,11823.43,11824.43,85.550839,0.32430555555555557,11830.060000000001
2020-08-17 07:48:00,11824.43,11829.23,11822.72,11825.3,39.699939,0.325,11825.974999999999
2020-08-17 07:49:00,11825.76,11830.19,11824.14,11824.88,30.836778,0.32569444444444445,11827.165
2020-08-17 07:50:00,11824.89,11826.48,11822.12,11823.88,28.78213,0.3263888888888889,11824.3
2020-08-17 07:51:00,11823.88,11825.34,11815.0,11817.38,56.778387,0.32708333333333334,11820.17
2020-08-17 07:52:00,11817.38,11818.53,11817.1,11817.14,11.951948,0.3277777777777778,11817.815
2020-08-17 07:53:00,11817.14,11817.33,11812.0,11812.0,26.48002,0.3284722222222222,11814.665
2020-08-17 07:54:00,11812.0,11812.11,11807.14,11809.76,25.486473,0.32916666666666666,11809.625
2020-08-17 07:55:00,11809.77,11810.83,11806.13,11809.39,60.474812,0.3298611111111111,11808.48
2020-08-17 07:56:00,11809.39,11811.54,11805.53,11807.59,47.832195,0.33055555555555555,11808.535
2020-08-17 07:57:00,11807.6,11809.84,11805.46,11807.04,27.052992,0.33125,11807.65
2020-08-17 07:58:00,11807.04,11810.59,11804.54,11810.44,33.880267,0.33194444444444443,11807.565
2020-08-17 07:59:00,11810.45,11814.99,11806.89,11807.21,40.044825,0.3326388888888889,11810.939999999999
2020-08-17 08:00:00,11806.94,11809.89,11806.91,11809.43,26.930664,0.3333333333333333,11808.4
2020-08-17 08:01:00,11809.43,11826.77,11809.42,11821.64,58.151361,0.33402777777777776,11818.095000000001
2020-08-17 08:02:00,11821.79,11832.16,11821.79,11829.01,30.188348,0.3347222222222222,11826.975
2020-08-17 08:03:00,11829.01,11830.25,11827.0,11827.01,27.323329,0.33541666666666664,11828.625
2020-08-17 08:04:00,11827.01,11831.25,11825.73,11830.89,21.099358,0.33611111111111114,11828.49
2020-08-17 08:05:00,11831.32,11834.63,11829.75,11833.99,24.49951,0.3368055555555556,11832.189999999999
2020-08-17 08:06:00,11833.88,11834.3,11830.42,11831.21,25.412558,0.3375,11832.36
2020-08-17 08:07:00,11831.21,11836.38,11830.6,11833.8,23.445106,0.33819444444444446,11833.49
2020-08-17 08:08:00,11833.79,11834.11,11830.99,11831.94,27.309997,0.3388888888888889,11832.55
2020-08-17 08:09:00,11831.93,11834.2,11829.99,11834.15,31.71368,0.33958333333333335,11832.095000000001
2020-08-17 08:10:00,11834.2,11856.0,11834.11,11852.91,79.551038,0.3402777777777778,11845.055
2020-08-17 08:11:00,11852.9,11865.0,11852.9,11862.92,89.311152,0.34097222222222223,11858.95
2020-08-17 08:12:00,11862.92,11880.0,11861.0,11875.2,130.825253,0.3416666666666667,11870.5
2020-08-17 08:13:00,11875.19,11880.0,11873.28,11877.44,52.829786,0.3423611111111111,11876.64
2020-08-17 08:14:00,11877.45,11881.84,11877.44,11879.6,78.25796,0.34305555555555556,11879.64
2020-08-17 08:15:00,11879.7,11885.0,11879.7,11881.97,54.622205,0.34375,11882.35
2020-08-17 08:16:00,11881.97,11882.43,11869.96,11870.08,59.106816,0.34444444444444444,11876.195
2020-08-17 08:17:00,11870.08,11870.08,11861.74,11870.0,56.786448,0.3451388888888889,11865.91
2020-08-17 08:18:00,11870.0,11874.29,11864.69,11869.21,42.948903,0.3458333333333333,11869.490000000002
2020-08-17 08:19:00,11869.2,11869.21,11863.96,11866.99,35.613796,0.34652777777777777,11866.585
2020-08-17 08:20:00,11867.0,11869.99,11863.35,11865.97,26.386728,0.3472222222222222,11866.67
2020-08-17 08:21:00,11865.97,11867.04,11858.59,11858.76,30.808394,0.34791666666666665,11862.815
2020-08-17 08:22:00,11858.76,11858.76,11856.27,11857.52,28.665991,0.3486111111111111,11857.515
2020-08-17 08:23:00,11857.52,11862.21,11857.52,11861.31,30.736319,0.34930555555555554,11859.865
2020-08-17 08:24:00,11861.31,11861.32,11856.63,11860.5,26.141296,0.35,11858.974999999999
2020-08-17 08:25:00,11860.51,11864.7,11860.51,11864.67,24.366165,0.3506944444444444,11862.605
2020-08-17 08:26:00,11864.67,11866.52,11864.67,11865.48,28.425246,0.35138888888888886,11865.595000000001
2020-08-17 08:27:00,11865.48,11874.19,11865.48,11874.18,42.36244,0.35208333333333336,11869.835
2020-08-17 08:28:00,11874.22,11875.0,11869.29,11870.89,35.259008,0.3527777777777778,11872.145
2020-08-17 08:29:00,11870.9,11870.9,11858.16,11859.69,55.607258,0.35347222222222224,11864.529999999999
2020-08-17 08:30:00,11859.69,11865.76,11857.94,11863.09,49.255003,0.3541666666666667,11861.85
2020-08-17 08:31:00,11863.86,11864.99,11861.0,11862.56,36.680435,0.3548611111111111,11862.994999999999
2020-08-17 08:32:00,11862.56,11864.99,11861.0,11863.97,33.408191,0.35555555555555557,11862.994999999999
2020-08-17 08:33:00,11864.09,11865.0,11857.85,11864.61,29.916739,0.35625,11861.425
2020-08-17 08:34:00,11864.61,11865.0,11863.94,11864.99,26.702801,0.35694444444444445,11864.470000000001
2020-08-17 08:35:00,11865.0,11865.0,11861.35,11861.35,27.66152,0.3576388888888889,11863.175
2020-08-17 08:36:00,11861.03,11861.42,11853.67,11853.99,31.208161,0.35833333333333334,11857.545
2020-08-17 08:37:00,11853.99,11860.05,11853.49,11858.29,36.341222,0.3590277777777778,11856.77
2020-08-17 08:38:00,11858.28,11861.16,11851.48,11852.81,58.18165,0.3597222222222222,11856.32
2020-08-17 08:39:00,11852.8,11854.27,11847.44,11848.94,21.269574,0.36041666666666666,11850.855
2020-08-17 08:40:00,11848.93,11848.94,11840.72,11841.3,35.536236,0.3611111111111111,11844.83
2020-08-17 08:41:00,11841.18,11846.67,11841.18,11844.02,21.952595,0.36180555555555555,11843.925
2020-08-17 08:42:00,11844.01,11850.0,11843.84,11846.83,27.429599,0.3625,11846.92
2020-08-17 08:43:00,11846.83,11850.52,11843.99,11844.59,13.340313,0.36319444444444443,11847.255000000001
2020-08-17 08:44:00,11844.59,11850.57,11843.85,11847.65,38.667744,0.3638888888888889,11847.21
2020-08-17 08:45:00,11847.66,11848.69,11843.6,11843.61,19.945407,0.3645833333333333,11846.145
2020-08-17 08:46:00,11843.61,11843.73,11837.96,11840.0,42.847879,0.36527777777777776,11840.845
2020-08-17 08:47:00,11839.99,11843.43,11839.99,11842.46,22.883565,0.3659722222222222,11841.71
2020-08-17 08:48:00,11842.46,11849.41,11840.01,11849.41,31.142292,0.36666666666666664,11844.71
2020-08-17 08:49:00,11849.41,11855.02,11847.67,11855.02,74.885857,0.36736111111111114,11851.345000000001
2020-08-17 08:50:00,11855.02,11869.17,11855.01,11856.99,48.960559,0.3680555555555556,11862.09
2020-08-17 08:51:00,11856.99,11867.64,11856.99,11862.26,29.486001,0.36875,11862.314999999999
2020-08-17 08:52:00,11862.27,11868.64,11857.52,11866.67,29.542162,0.36944444444444446,11863.08
2020-08-17 08:53:00,11866.67,11877.6,11866.61,11875.9,38.998308,0.3701388888888889,11872.105
2020-08-17 08:54:00,11875.91,11880.0,11873.24,11880.0,64.7467,0.37083333333333335,11876.619999999999
2020-08-17 08:55:00,11879.99,11880.54,11869.24,11871.15,35.06219,0.3715277777777778,11874.89
2020-08-17 08:56:00,11871.15,11874.31,11866.87,11866.87,27.990873,0.37222222222222223,11870.59
2020-08-17 08:57:00,11866.87,11876.51,11863.75,11869.86,37.209881,0.3729166666666667,11870.130000000001
2020-08-17 08:58:00,11869.86,11873.8,11866.57,11871.34,47.971275,0.3736111111111111,11870.185
2020-08-17 08:59:00,11871.34,11876.54,11868.1,11868.77,19.8156,0.37430555555555556,11872.32
2020-08-17 09:00:00,11868.97,11873.33,11861.34,11861.93,24.215945,0.375,11867.335
2020-08-17 09:01:00,11861.94,11866.48,11858.83,11859.65,42.778281,0.37569444444444444,11862.654999999999
2020-08-17 09:02:00,11859.65,11862.0,11858.77,11862.0,24.304452,0.3763888888888889,11860.385
2020-08-17 09:03:00,11861.87,11862.96,11856.1,11856.11,28.510116,0.3770833333333333,11859.529999999999
2020-08-17 09:04:00,11856.11,11865.73,11853.55,11864.29,29.212018,0.37777777777777777,11859.64
2020-08-17 09:05:00,11864.3,11877.99,11864.29,11876.54,40.24504,0.3784722222222222,11871.14
2020-08-17 09:06:00,11876.54,11878.86,11873.88,11874.44,25.073524,0.37916666666666665,11876.369999999999
2020-08-17 09:07:00,11874.37,11880.54,11872.07,11880.54,30.13014,0.3798611111111111,11876.305
2020-08-17 09:08:00,11880.54,11881.98,11876.72,11878.64,32.66908,0.38055555555555554,11879.349999999999
2020-08-17 09:09:00,11877.77,11880.83,11876.72,11878.59,24.924754,0.38125,11878.775
2020-08-17 09:10:00,11878.6,11881.95,11878.59,11881.06,19.531382,0.3819444444444444,11880.27
2020-08-17 09:11:00,11881.0,11881.04,11879.26,11880.0,18.463962,0.38263888888888886,11880.150000000001
2020-08-17 09:12:00,11880.0,11880.0,11874.89,11879.56,23.152007,0.38333333333333336,11877.445
2020-08-17 09:13:00,11879.56,11883.0,11877.92,11882.99,43.491875,0.3840277777777778,11880.46
2020-08-17 09:14:00,11882.98,11888.88,11880.52,11888.87,85.987412,0.38472222222222224,11884.7
2020-08-17 09:15:00,11888.88,11890.0,11878.8,11882.29,65.939684,0.3854166666666667,11884.4
2020-08-17 09:16:00,11882.29,11882.29,11871.01,11872.85,61.532674,0.3861111111111111,11876.650000000001
2020-08-17 09:17:00,11872.84,11876.19,11872.84,11874.53,29.65731,0.38680555555555557,11874.515
2020-08-17 09:18:00,11874.53,11875.99,11868.6,11869.03,28.92162,0.3875,11872.295
2020-08-17 09:19:00,11869.04,11876.88,11865.53,11865.96,30.146258,0.38819444444444445,11871.205
2020-08-17 09:20:00,11865.97,11869.42,11860.16,11867.56,84.843298,0.3888888888888889,11864.79
2020-08-17 09:21:00,11867.57,11875.58,11867.57,11871.25,37.605966,0.38958333333333334,11871.575
2020-08-17 09:22:00,11871.24,11871.24,11860.33,11861.89,29.264006,0.3902777777777778,11865.785
2020-08-17 09:23:00,11861.88,11861.88,11857.38,11857.69,22.238385,0.3909722222222222,11859.63
2020-08-17 09:24:00,11857.7,11867.27,11857.7,11867.27,66.666255,0.39166666666666666,11862.485
2020-08-17 09:25:00,11867.27,11869.84,11862.63,11867.25,12.242619,0.3923611111111111,11866.235
2020-08-17 09:26:00,11867.26,11869.51,11864.54,11867.3,32.811101,0.39305555555555555,11867.025000000001
2020-08-17 09:27:00,11867.52,11867.52,11859.73,11860.17,35.776382,0.39375,11863.625
2020-08-17 09:28:00,11860.18,11865.92,11860.06,11864.72,19.714431,0.39444444444444443,11862.99
2020-08-17 09:29:00,11864.73,11870.8,11864.73,11870.8,28.254402,0.3951388888888889,11867.765
2020-08-17 09:30:00,11870.79,11870.8,11866.74,11870.8,36.026778,0.3958333333333333,11868.77
2020-08-17 09:31:00,11870.8,11873.78,11865.0,11872.15,32.438608,0.39652777777777776,11869.39
2020-08-17 09:32:00,11872.15,11872.16,11857.75,11858.12,53.856076,0.3972222222222222,11864.955
2020-08-17 09:33:00,11858.13,11860.79,11853.58,11855.12,28.604115,0.39791666666666664,11857.185000000001
2020-08-17 09:34:00,11855.02,11859.26,11852.94,11856.24,47.705647,0.39861111111111114,11856.1
2020-08-17 09:35:00,11856.24,11860.12,11855.34,11855.83,30.314475,0.3993055555555556,11857.73
2020-08-17 09:36:00,11855.84,11859.19,11855.77,11858.3,12.508823,0.4,11857.48
2020-08-17 09:37:00,11858.3,11859.45,11852.62,11855.21,16.792418,0.40069444444444446,11856.035
2020-08-17 09:38:00,11855.24,11860.28,11852.7,11857.42,33.482558,0.4013888888888889,11856.490000000002
2020-08-17 09:39:00,11857.42,11862.49,11851.61,11855.0,63.438461,0.40208333333333335,11857.05
2020-08-17 09:40:00,11855.0,11860.59,11855.0,11858.96,48.527524,0.4027777777777778,11857.795
2020-08-17 09:41:00,11858.97,11858.97,11855.0,11856.59,32.061898,0.40347222222222223,11856.985
2020-08-17 09:42:00,11856.59,11861.79,11856.59,11859.63,26.636042,0.4041666666666667,11859.19
2020-08-17 09:43:00,11859.63,11869.83,11858.48,11867.55,35.825737,0.4048611111111111,11864.154999999999
2020-08-17 09:44:00,11867.54,11868.53,11863.58,11865.3,42.923566,0.40555555555555556,11866.055
2020-08-17 09:45:00,11865.3,11867.05,11857.21,11861.86,22.280385,0.40625,11862.13
2020-08-17 09:46:00,11861.85,11865.8,11859.49,11865.02,32.418041,0.40694444444444444,11862.645
2020-08-17 09:47:00,11865.02,11865.02,11858.68,11861.1,24.611698,0.4076388888888889,11861.85
2020-08-17 09:48:00,11861.1,11863.91,11860.5,11863.91,25.582195,0.4083333333333333,11862.205
2020-08-17 09:49:00,11863.92,11869.11,11863.91,11866.33,45.227299,0.40902777777777777,11866.51
2020-08-17 09:50:00,11865.57,11869.14,11860.55,11866.29,54.66074,0.4097222222222222,11864.845
2020-08-17 09:51:00,11866.29,11867.78,11866.26,11866.89,25.503203,0.41041666666666665,11867.02
2020-08-17 09:52:00,11866.89,11866.89,11850.0,11850.66,193.722914,0.4111111111111111,11858.445
2020-08-17 09:53:00,11850.66,11857.14,11850.0,11854.35,29.614614,0.41180555555555554,11853.57
2020-08-17 09:54:00,11854.51,11855.61,11851.48,11853.05,18.709075,0.4125,11853.545
2020-08-17 09:55:00,11853.05,11855.86,11850.05,11851.08,14.929577,0.4131944444444444,11852.955
2020-08-17 09:56:00,11851.08,11854.68,11850.0,11853.67,38.527664,0.41388888888888886,11852.34
2020-08-17 09:57:00,11853.67,11856.7,11852.76,11856.34,24.956783,0.41458333333333336,11854.73
2020-08-17 09:58:00,11856.24,11861.41,11853.17,11857.94,28.762987,0.4152777777777778,11857.29
2020-08-17 09:59:00,11858.38,11858.38,11851.63,11856.31,31.785999,0.41597222222222224,11855.005
2020-08-17 10:00:00,11856.31,11861.62,11855.94,11860.71,23.290585,0.4166666666666667,11858.78
2020-08-17 10:01:00,11860.71,11865.6,11860.54,11865.17,20.167427,0.4173611111111111,11863.07
2020-08-17 10:02:00,11865.16,11875.0,11865.0,11874.68,38.843635,0.41805555555555557,11870.0
2020-08-17 10:03:00,11874.68,11880.11,11873.67,11873.98,63.31782,0.41875,11876.89
2020-08-17 10:04:00,11873.98,11879.51,11873.97,11879.07,20.386653,0.41944444444444445,11876.74
2020-08-17 10:05:00,11879.07,11880.0,11874.07,11875.69,28.573464,0.4201388888888889,11877.035
2020-08-17 10:06:00,11875.68,11876.69,11874.11,11874.66,15.515375,0.42083333333333334,11875.400000000001
2020-08-17 10:07:00,11874.66,11874.66,11869.43,11870.7,23.993782,0.4215277777777778,11872.045
2020-08-17 10:08:00,11870.7,11873.2,11863.85,11866.17,45.978273,0.4222222222222222,11868.525000000001
2020-08-17 10:09:00,11866.16,11866.16,11860.09,11864.2,24.196127,0.42291666666666666,11863.125
2020-08-17 10:10:00,11864.2,11864.21,11855.47,11857.89,20.359288,0.4236111111111111,11859.84
2020-08-17 10:11:00,11857.88,11861.81,11856.98,11858.87,20.656347,0.42430555555555555,11859.395
2020-08-17 10:12:00,11858.87,11871.46,11858.87,11866.66,24.243456,0.425,11865.165
2020-08-17 10:13:00,11866.67,11875.54,11866.67,11873.38,24.572489,0.42569444444444443,11871.105
2020-08-17 10:14:00,11873.13,11875.37,11870.0,11873.91,14.765179,0.4263888888888889,11872.685000000001
2020-08-17 10:15:00,11873.9,11875.43,11871.43,11875.42,15.153433,0.4270833333333333,11873.43
2020-08-17 10:16:00,11875.42,11880.0,11875.0,11876.86,20.799768,0.42777777777777776,11877.5
2020-08-17 10:17:00,11876.86,11880.01,11876.86,11879.44,18.650552,0.4284722222222222,11878.435000000001
2020-08-17 10:18:00,11879.61,11880.0,11875.31,11878.54,16.462052,0.42916666666666664,11877.654999999999
2020-08-17 10:19:00,11878.55,11880.53,11875.9,11878.19,20.862533,0.42986111111111114,11878.215
2020-08-17 10:20:00,11878.2,11880.97,11878.18,11880.94,30.636403,0.4305555555555556,11879.575
2020-08-17 10:21:00,11880.95,11880.98,11880.82,11880.83,22.249109,0.43125,11880.9
2020-08-17 10:22:00,11880.83,11890.97,11880.0,11889.89,111.817756,0.43194444444444446,11885.485
2020-08-17 10:23:00,11889.89,11898.33,11889.89,11898.19,102.516082,0.4326388888888889,11894.11
2020-08-17 10:24:00,11898.2,11899.0,11890.0,11893.92,59.97046,0.43333333333333335,11894.5
2020-08-17 10:25:00,11893.92,11895.0,11891.26,11895.0,42.824784,0.4340277777777778,11893.130000000001
2020-08-17 10:26:00,11895.0,11895.27,11886.69,11887.3,54.053364,0.43472222222222223,11890.98
2020-08-17 10:27:00,11887.29,11890.0,11878.9,11885.44,33.234679,0.4354166666666667,11884.45
2020-08-17 10:28:00,11885.43,11885.43,11879.0,11884.21,40.93442,0.4361111111111111,11882.215
2020-08-17 10:29:00,11884.21,11889.0,11884.01,11888.91,42.284361,0.43680555555555556,11886.505000000001
2020-08-17 10:30:00,11888.9,11896.25,11888.9,11892.47,34.447846,0.4375,11892.575
2020-08-17 10:31:00,11892.46,11895.21,11885.77,11886.83,40.285859,0.43819444444444444,11890.49
2020-08-17 10:32:00,11886.84,11890.0,11873.54,11873.89,46.812759,0.4388888888888889,11881.77
2020-08-17 10:33:00,11873.89,11881.94,11872.56,11878.37,62.819575,0.4395833333333333,11877.25
2020-08-17 10:34:00,11878.37,11880.34,11865.35,11865.72,32.215587,0.44027777777777777,11872.845000000001
2020-08-17 10:35:00,11865.72,11876.08,11862.59,11862.59,43.399527,0.4409722222222222,11869.335
2020-08-17 10:36:00,11862.59,11866.05,11859.55,11864.55,47.08357,0.44166666666666665,11862.8
2020-08-17 10:37:00,11864.55,11871.08,11860.64,11865.2,36.817761,0.4423611111111111,11865.86
2020-08-17 10:38:00,11865.21,11871.54,11865.21,11871.52,24.946465,0.44305555555555554,11868.375
2020-08-17 10:39:00,11870.91,11871.72,11866.76,11868.62,26.490525,0.44375,11869.24
2020-08-17 10:40:00,11868.63,11869.1,11862.23,11868.41,31.084091,0.4444444444444444,11865.665
2020-08-17 10:41:00,11868.4,11875.0,11867.61,11872.98,59.980207,0.44513888888888886,11871.305
2020-08-17 10:42:00,11872.98,11875.12,11867.83,11867.83,26.535037,0.44583333333333336,11871.475
2020-08-17 10:43:00,11867.83,11872.2,11861.39,11869.95,35.12044,0.4465277777777778,11866.795
2020-08-17 10:44:00,11869.95,11871.64,11866.08,11868.81,33.355696,0.44722222222222224,11868.86
2020-08-17 10:45:00,11868.8,11872.23,11865.88,11871.64,21.37648,0.4479166666666667,11869.055
2020-08-17 10:46:00,11871.64,11872.09,11861.38,11865.41,23.007992,0.4486111111111111,11866.735
2020-08-17 10:47:00,11865.4,11870.0,11861.86,11863.33,27.887183,0.44930555555555557,11865.93
2020-08-17 10:48:00,11863.33,11868.83,11862.3,11863.57,25.739457,0.45,11865.564999999999
2020-08-17 10:49:00,11863.57,11868.0,11862.45,11868.0,32.682491,0.45069444444444445,11865.225
2020-08-17 10:50:00,11868.0,11868.45,11863.07,11863.07,38.468164,0.4513888888888889,11865.76
2020-08-17 10:51:00,11863.08,11865.0,11860.0,11862.14,19.438523,0.45208333333333334,11862.5
2020-08-17 10:52:00,11862.14,11863.79,11860.58,11862.95,16.975894,0.4527777777777778,11862.185000000001
2020-08-17 10:53:00,11862.95,11863.8,11861.18,11863.03,21.74127,0.4534722222222222,11862.49
2020-08-17 10:54:00,11863.02,11863.03,11856.0,11856.77,30.322042,0.45416666666666666,11859.515
2020-08-17 10:55:00,11856.78,11859.4,11852.19,11853.15,63.712333,0.4548611111111111,11855.795
2020-08-17 10:56:00,11853.15,11855.61,11850.0,11854.81,61.908461,0.45555555555555555,11852.805
2020-08-17 10:57:00,11854.89,11859.17,11854.09,11858.6,27.020763,0.45625,11856.630000000001
2020-08-17 10:58:00,11858.6,11859.89,11858.6,11858.99,42.545956,0.45694444444444443,11859.244999999999
2020-08-17 10:59:00,11859.0,11865.0,11858.26,11860.84,46.216395,0.4576388888888889,11861.630000000001
2020-08-17 11:00:00,11860.83,11865.24,11856.64,11865.24,27.733938,0.4583333333333333,11860.939999999999
2020-08-17 11:01:00,11865.23,11868.38,11863.21,11867.57,22.896561,0.45902777777777776,11865.794999999998
2020-08-17 11:02:00,11867.58,11868.37,11866.82,11868.35,17.023054,0.4597222222222222,11867.595000000001
2020-08-17 11:03:00,11868.36,11868.36,11865.58,11867.92,36.38844,0.46041666666666664,11866.970000000001
2020-08-17 11:04:00,11867.93,11871.58,11867.92,11871.58,23.767391,0.46111111111111114,11869.75
2020-08-17 11:05:00,11871.57,11874.59,11869.01,11871.68,42.417835,0.4618055555555556,11871.8
2020-08-17 11:06:00,11871.68,11873.91,11867.71,11867.95,32.675435,0.4625,11870.81
2020-08-17 11:07:00,11867.96,11870.83,11867.95,11869.07,21.136731,0.46319444444444446,11869.39
2020-08-17 11:08:00,11869.07,11869.42,11863.09,11863.88,25.931129,0.4638888888888889,11866.255000000001
2020-08-17 11:09:00,11863.88,11865.55,11863.0,11863.5,26.341582,0.46458333333333335,11864.275
2020-08-17 11:10:00,11863.5,11864.0,11858.4,11863.78,28.213155,0.4652777777777778,11861.2
2020-08-17 11:11:00,11863.77,11863.77,11856.85,11862.78,27.606487,0.46597222222222223,11860.310000000001
2020-08-17 11:12:00,11862.78,11863.98,11857.59,11863.97,22.616134,0.4666666666666667,11860.785
2020-08-17 11:13:00,11863.98,11878.8,11863.97,11877.86,49.443836,0.4673611111111111,11871.384999999998
2020-08-17 11:14:00,11877.86,11877.87,11872.09,11873.56,22.691136,0.46805555555555556,11874.98
2020-08-17 11:15:00,11873.56,11877.61,11868.84,11874.75,41.246685,0.46875,11873.225
2020-08-17 11:16:00,11874.75,11878.31,11872.38,11873.62,19.268981,0.46944444444444444,11875.345
2020-08-17 11:17:00,11873.61,11886.66,11871.56,11886.3,59.032303,0.4701388888888889,11879.11
2020-08-17 11:18:00,11886.3,11893.23,11886.29,11892.82,67.162918,0.4708333333333333,11889.76
2020-08-17 11:19:00,11892.83,11893.23,11884.98,11888.89,56.466134,0.47152777777777777,11889.105
2020-08-17 11:20:00,11888.89,11895.0,11888.89,11894.57,79.674581,0.4722222222222222,11891.945
2020-08-17 11:21:00,11894.56,11899.4,11894.37,11897.9,68.516627,0.47291666666666665,11896.885
2020-08-17 11:22:00,11897.9,11897.9,11887.47,11887.47,57.815561,0.4736111111111111,11892.685
2020-08-17 11:23:00,11887.47,11887.48,11880.35,11887.47,43.657318,0.47430555555555554,11883.915
2020-08-17 11:24:00,11887.46,11887.46,11875.53,11882.75,44.507663,0.475,11881.494999999999
2020-08-17 11:25:00,11882.75,11884.47,11876.9,11880.06,35.163141,0.4756944444444444,11880.685
2020-08-17 11:26:00,11880.06,11883.04,11877.67,11881.03,24.418362,0.47638888888888886,11880.355
2020-08-17 11:27:00,11881.03,11883.65,11876.42,11880.89,36.885562,0.47708333333333336,11880.035
2020-08-17 11:28:00,11880.98,11884.0,11879.9,11882.2,28.698745,0.4777777777777778,11881.95
2020-08-17 11:29:00,11882.1,11882.34,11879.32,11881.49,23.639389,0.47847222222222224,11880.83
2020-08-17 11:30:00,11881.5,11882.52,11879.33,11882.26,31.469042,0.4791666666666667,11880.925
2020-08-17 11:31:00,11882.27,11882.27,11877.06,11877.06,22.683291,0.4798611111111111,11879.665
2020-08-17 11:32:00,11877.06,11877.07,11873.6,11874.45,36.246018,0.48055555555555557,11875.335
2020-08-17 11:33:00,11874.47,11874.67,11864.71,11870.35,33.817783,0.48125,11869.689999999999
2020-08-17 11:34:00,11870.34,11879.58,11870.34,11879.57,38.173087,0.48194444444444445,11874.96
2020-08-17 11:35:00,11879.58,11879.95,11876.55,11878.86,38.196393,0.4826388888888889,11878.25
2020-08-17 11:36:00,11878.81,11878.81,11872.83,11875.48,12.72378,0.48333333333333334,11875.82
2020-08-17 11:37:00,11875.48,11878.75,11874.0,11876.85,19.913579,0.4840277777777778,11876.375
2020-08-17 11:38:00,11876.8,11882.92,11873.07,11878.29,42.257243,0.4847222222222222,11877.994999999999
2020-08-17 11:39:00,11878.29,11883.17,11878.12,11881.56,38.438584,0.48541666666666666,11880.645
2020-08-17 11:40:00,11881.57,11884.34,11878.5,11881.1,28.233117,0.4861111111111111,11881.42
2020-08-17 11:41:00,11881.1,11892.0,11881.1,11891.99,33.578154,0.48680555555555555,11886.55
2020-08-17 11:42:00,11891.99,11897.9,11891.99,11896.16,33.358423,0.4875,11894.945
2020-08-17 11:43:00,11896.15,11900.0,11894.15,11897.88,40.40945,0.48819444444444443,11897.075
2020-08-17 11:44:00,11897.78,11899.99,11896.68,11897.63,56.043575,0.4888888888888889,11898.335
2020-08-17 11:45:00,11897.64,11900.0,11889.46,11892.94,56.091771,0.4895833333333333,11894.73
2020-08-17 11:46:00,11892.94,11892.95,11880.04,11883.38,30.026845,0.49027777777777776,11886.495
2020-08-17 11:47:00,11883.38,11884.25,11882.21,11883.0,29.605286,0.4909722222222222,11883.23
2020-08-17 11:48:00,11883.01,11886.31,11883.0,11885.45,35.825896,0.49166666666666664,11884.654999999999
2020-08-17 11:49:00,11885.45,11890.38,11885.44,11889.05,40.300839,0.49236111111111114,11887.91
2020-08-17 11:50:00,11889.06,11896.9,11889.05,11895.93,30.975092,0.4930555555555556,11892.974999999999
2020-08-17 11:51:00,11896.03,11903.83,11895.9,11900.28,105.543584,0.49375,11899.865
2020-08-17 11:52:00,11900.28,11902.65,11898.78,11901.18,47.541124,0.49444444444444446,11900.715
2020-08-17 11:53:00,11901.18,11905.6,11898.32,11901.3,58.654352,0.4951388888888889,11901.96
2020-08-17 11:54:00,11901.3,11902.38,11899.31,11901.99,29.2481,0.49583333333333335,11900.845
2020-08-17 11:55:00,11901.84,11910.0,11899.58,11909.99,53.111889,0.4965277777777778,11904.79
2020-08-17 11:56:00,11909.99,11915.0,11908.79,11915.0,109.895195,0.49722222222222223,11911.895
2020-08-17 11:57:00,11915.0,11920.0,11914.98,11919.87,137.299256,0.4979166666666667,11917.49
2020-08-17 11:58:00,11919.87,11920.0,11904.37,11915.96,96.622687,0.4986111111111111,11912.185000000001
2020-08-17 11:59:00,11916.05,11918.14,11907.95,11908.65,63.963109,0.49930555555555556,11913.045
2020-08-17 12:00:00,11908.67,11915.52,11906.66,11909.64,56.427814,0.5,11911.09
2020-08-17 12:01:00,11909.65,11911.71,11908.0,11909.15,57.044603,0.5006944444444444,11909.855
2020-08-17 12:02:00,11909.08,11909.08,11895.75,11903.54,97.474391,0.5013888888888889,11902.415
2020-08-17 12:03:00,11903.55,11910.01,11891.4,11893.42,87.66962,0.5020833333333333,11900.705
2020-08-17 12:04:00,11893.42,11893.46,11879.99,11880.0,95.50908,0.5027777777777778,11886.724999999999
2020-08-17 12:05:00,11879.99,11882.76,11870.0,11874.75,78.645945,0.5034722222222222,11876.380000000001
2020-08-17 12:06:00,11874.74,11874.75,11859.92,11868.96,100.476199,0.5041666666666667,11867.335
2020-08-17 12:07:00,11868.96,11883.0,11868.96,11881.44,86.293001,0.5048611111111111,11875.98
2020-08-17 12:08:00,11881.44,11882.43,11873.57,11878.95,34.583907,0.5055555555555555,11878.0
2020-08-17 12:09:00,11878.96,11882.58,11876.71,11882.58,40.843706,0.50625,11879.645
2020-08-17 12:10:00,11882.58,11885.88,11879.02,11880.1,64.597557,0.5069444444444444,11882.45
2020-08-17 12:11:00,11880.1,11885.4,11878.24,11883.05,29.752301,0.5076388888888889,11881.82
2020-08-17 12:12:00,11883.04,11885.01,11880.86,11882.99,20.235358,0.5083333333333333,11882.935000000001
2020-08-17 12:13:00,11882.98,11882.99,11880.0,11882.47,27.914141,0.5090277777777777,11881.494999999999
2020-08-17 12:14:00,11882.47,11885.0,11882.45,11882.95,41.817728,0.5097222222222222,11883.725
2020-08-17 12:15:00,11882.95,11882.96,11875.0,11876.1,36.853208,0.5104166666666666,11878.98
2020-08-17 12:16:00,11876.09,11880.97,11874.68,11877.24,59.064477,0.5111111111111111,11877.825
2020-08-17 12:17:00,11877.21,11880.48,11873.25,11877.22,22.766938,0.5118055555555555,11876.865
2020-08-17 12:18:00,11877.22,11880.23,11874.52,11880.2,32.922124,0.5125,11877.375
2020-08-17 12:19:00,11880.11,11890.0,11878.38,11889.44,39.743481,0.5131944444444444,11884.189999999999
2020-08-17 12:20:00,11889.44,11889.99,11882.47,11888.04,33.96335,0.5138888888888888,11886.23
2020-08-17 12:21:00,11888.07,11895.46,11888.07,11894.98,69.822973,0.5145833333333333,11891.765
2020-08-17 12:22:00,11894.98,11896.55,11889.9,11890.0,33.086471,0.5152777777777777,11893.224999999999
2020-08-17 12:23:00,11890.0,11890.0,11884.95,11885.97,22.028458,0.5159722222222223,11887.475
2020-08-17 12:24:00,11885.98,11889.09,11885.98,11887.76,24.7103,0.5166666666666667,11887.535
2020-08-17 12:25:00,11887.76,11887.78,11881.9,11886.88,20.961341,0.5173611111111112,11884.84
2020-08-17 12:26:00,11886.87,11887.06,11883.94,11885.22,38.012177,0.5180555555555556,11885.5
2020-08-17 12:27:00,11885.23,11887.78,11885.22,11886.55,27.123828,0.51875,11886.5
2020-08-17 12:28:00,11886.56,11888.55,11885.72,11886.44,24.738948,0.5194444444444445,11887.134999999998
2020-08-17 12:29:00,11886.45,11889.0,11882.09,11887.3,50.355885,0.5201388888888889,11885.545
2020-08-17 12:30:00,11887.3,11889.09,11887.22,11888.86,60.987232,0.5208333333333334,11888.154999999999
2020-08-17 12:31:00,11888.86,11889.09,11888.86,11889.06,20.430392,0.5215277777777778,11888.975
2020-08-17 12:32:00,11889.06,11896.71,11889.02,11895.94,74.350336,0.5222222222222223,11892.865
2020-08-17 12:33:00,11895.93,11900.4,11895.43,11900.4,35.050742,0.5229166666666667,11897.915
2020-08-17 12:34:00,11900.4,11900.4,11897.08,11898.7,45.872401,0.5236111111111111,11898.74
2020-08-17 12:35:00,11898.64,11900.4,11898.58,11900.39,33.777866,0.5243055555555556,11899.49
2020-08-17 12:36:00,11900.38,11900.4,11900.38,11900.4,122.008537,0.525,11900.39
2020-08-17 12:37:00,11900.4,11901.32,11895.55,11900.51,67.833968,0.5256944444444445,11898.435
2020-08-17 12:38:00,11900.51,11900.52,11898.75,11899.24,25.227357,0.5263888888888889,11899.635
2020-08-17 12:39:00,11899.29,11899.47,11892.62,11893.11,40.558054,0.5270833333333333,11896.045
2020-08-17 12:40:00,11893.11,11893.87,11889.08,11889.25,35.755558,0.5277777777777778,11891.475
2020-08-17 12:41:00,11889.25,11893.18,11889.25,11891.86,23.914495,0.5284722222222222,11891.215
2020-08-17 12:42:00,11891.86,11897.99,11891.85,11895.09,38.119641,0.5291666666666667,11894.92
2020-08-17 12:43:00,11895.1,11900.0,11895.09,11900.0,21.03932,0.5298611111111111,11897.545
2020-08-17 12:44:00,11900.0,11904.54,11895.99,11898.35,65.145519,0.5305555555555556,11900.265
2020-08-17 12:45:00,11898.35,11899.78,11896.12,11898.0,33.229505,0.53125,11897.95
2020-08-17 12:46:00,11898.0,11905.0,11897.28,11902.05,49.07685,0.5319444444444444,11901.14
2020-08-17 12:47:00,11902.06,11908.38,11901.06,11907.64,28.712191,0.5326388888888889,11904.72
2020-08-17 12:48:00,11907.63,11912.15,11906.48,11912.15,68.577951,0.5333333333333333,11909.314999999999
2020-08-17 12:49:00,11912.15,11912.51,11908.37,11912.51,43.241674,0.5340277777777778,11910.44
2020-08-17 12:50:00,11912.51,11916.78,11912.5,11915.47,65.934902,0.5347222222222222,11914.64
2020-08-17 12:51:00,11915.46,11915.71,11914.34,11915.7,44.405602,0.5354166666666667,11915.025
2020-08-17 12:52:00,11915.7,11918.0,11908.79,11910.45,78.154791,0.5361111111111111,11913.395
2020-08-17 12:53:00,11910.46,11912.05,11901.11,11903.48,68.61975,0.5368055555555555,11906.58
2020-08-17 12:54:00,11903.47,11906.0,11901.31,11902.68,46.098951,0.5375,11903.654999999999
2020-08-17 12:55:00,11902.68,11904.0,11890.7,11892.1,43.023291,0.5381944444444444,11897.35
2020-08-17 12:56:00,11892.13,11900.19,11883.0,11883.01,69.008076,0.5388888888888889,11891.595000000001
2020-08-17 12:57:00,11883.01,11889.83,11881.0,11886.45,62.677901,0.5395833333333333,11885.415
2020-08-17 12:58:00,11886.46,11888.28,11880.0,11882.97,71.448084,0.5402777777777777,11884.14
2020-08-17 12:59:00,11882.97,11888.93,11880.9,11880.9,39.120772,0.5409722222222222,11884.915
2020-08-17 13:00:00,11880.9,11881.93,11875.0,11880.17,98.0983,0.5416666666666666,11878.465
2020-08-17 13:01:00,11880.17,11883.71,11876.69,11883.66,38.467216,0.5423611111111111,11880.2
2020-08-17 13:02:00,11883.66,11891.34,11883.66,11890.0,46.328274,0.5430555555555555,11887.5
2020-08-17 13:03:00,11889.99,11890.0,11885.0,11889.25,43.889278,0.54375,11887.5
2020-08-17 13:04:00,11889.26,11890.0,11886.47,11889.36,20.359771,0.5444444444444444,11888.235
2020-08-17 13:05:00,11889.35,11890.0,11887.6,11887.74,20.190882,0.5451388888888888,11888.8
2020-08-17 13:06:00,11887.74,11897.14,11887.74,11896.72,37.290642,0.5458333333333333,11892.439999999999
2020-08-17 13:07:00,11896.71,11896.85,11888.01,11893.67,27.791606,0.5465277777777777,11892.43
2020-08-17 13:08:00,11893.66,11899.09,11893.53,11898.89,14.704118,0.5472222222222223,11896.310000000001
2020-08-17 13:09:00,11898.66,11904.95,11897.09,11904.16,45.536864,0.5479166666666667,11901.02
2020-08-17 13:10:00,11904.15,11904.17,11897.61,11900.04,56.568839,0.5486111111111112,11900.89
2020-08-17 13:11:00,11900.05,11900.25,11893.64,11895.91,40.278345,0.5493055555555556,11896.945
2020-08-17 13:12:00,11895.91,11898.1,11893.86,11895.28,21.552985,0.55,11895.98
2020-08-17 13:13:00,11895.27,11900.0,11893.86,11899.47,27.923181,0.5506944444444445,11896.93
2020-08-17 13:14:00,11899.47,11901.87,11898.67,11900.52,43.134646,0.5513888888888889,11900.27
2020-08-17 13:15:00,11901.4,11907.09,11900.0,11905.89,33.510775,0.5520833333333334,11903.545
2020-08-17 13:16:00,11905.89,11908.44,11905.87,11908.43,30.454292,0.5527777777777778,11907.155
2020-08-17 13:17:00,11908.43,11908.92,11905.26,11905.68,27.89779,0.5534722222222223,11907.09
2020-08-17 13:18:00,11905.68,11906.18,11902.01,11902.02,31.494902,0.5541666666666667,11904.095000000001
2020-08-17 13:19:00,11902.01,11907.88,11901.53,11905.3,60.503054,0.5548611111111111,11904.705
2020-08-17 13:20:00,11905.32,11929.97,11905.31,11929.97,216.02751,0.5555555555555556,11917.64
2020-08-17 13:21:00,11929.97,12000.0,11929.97,12000.0,1704.642194,0.55625,11964.985
2020-08-17 13:22:00,12000.0,12092.0,11995.72,12087.22,820.909066,0.5569444444444445,12043.86
2020-08-17 13:23:00,12087.2,12197.99,12075.99,12165.5,1279.003993,0.5576388888888889,12136.99
2020-08-17 13:24:00,12163.25,12172.01,12088.04,12118.48,540.54961,0.5583333333333333,12130.025000000001
2020-08-17 13:25:00,12114.86,12169.08,12113.11,12133.34,329.545906,0.5590277777777778,12141.095000000001
2020-08-17 13:26:00,12134.55,12145.0,11972.75,12028.0,548.617009,0.5597222222222222,12058.875
2020-08-17 13:27:00,12022.69,12035.06,11780.0,11838.11,1136.851333,0.5604166666666667,11907.529999999999
2020-08-17 13:28:00,11835.24,11892.0,11810.0,11891.03,431.991497,0.5611111111111111,11851.0
2020-08-17 13:29:00,11891.03,11964.98,11890.83,11931.19,438.730517,0.5618055555555556,11927.904999999999
2020-08-17 13:30:00,11931.15,12025.77,11925.84,12025.21,353.085483,0.5625,11975.805
2020-08-17 13:31:00,12021.81,12035.47,11981.51,11987.57,352.304263,0.5631944444444444,12008.49
2020-08-17 13:32:00,11989.57,12044.87,11984.0,12029.5,191.639948,0.5638888888888889,12014.435000000001
2020-08-17 13:33:00,12029.71,12080.97,12027.14,12037.94,271.16676,0.5645833333333333,12054.055
2020-08-17 13:34:00,12042.47,12096.0,12040.67,12056.67,282.245925,0.5652777777777778,12068.335
2020-08-17 13:35:00,12057.26,12085.97,12034.62,12036.42,225.979639,0.5659722222222222,12060.295
2020-08-17 13:36:00,12037.83,12043.63,12015.53,12015.53,109.798921,0.5666666666666667,12029.58
2020-08-17 13:37:00,12015.56,12039.35,12002.61,12039.06,200.260935,0.5673611111111111,12020.98
2020-08-17 13:38:00,12039.05,12053.55,12035.91,12041.31,128.568377,0.5680555555555555,12044.73
2020-08-17 13:39:00,12041.24,12054.68,12037.12,12050.92,115.017531,0.56875,12045.900000000001
2020-08-17 13:40:00,12051.07,12054.84,12036.01,12039.13,137.895624,0.5694444444444444,12045.425
2020-08-17 13:41:00,12037.04,12039.86,12025.08,12031.77,111.899121,0.5701388888888889,12032.470000000001
2020-08-17 13:42:00,12031.76,12053.25,12031.31,12048.58,188.367096,0.5708333333333333,12042.279999999999
2020-08-17 13:43:00,12048.58,12058.0,12045.83,12058.0,130.073734,0.5715277777777777,12051.915
2020-08-17 13:44:00,12058.0,12088.62,12055.75,12087.71,181.10256,0.5722222222222222,12072.185000000001
2020-08-17 13:45:00,12088.62,12128.03,12087.57,12099.4,475.517675,0.5729166666666666,12107.8
2020-08-17 13:46:00,12095.89,12119.28,12093.0,12110.17,198.537145,0.5736111111111111,12106.14
2020-08-17 13:47:00,12109.67,12146.48,12102.65,12105.25,189.173967,0.5743055555555555,12124.564999999999
2020-08-17 13:48:00,12105.25,12105.7,12080.0,12087.73,171.211723,0.575,12092.85
2020-08-17 13:49:00,12087.73,12100.0,12053.36,12061.56,214.340271,0.5756944444444444,12076.68
2020-08-17 13:50:00,12061.87,12099.98,12055.01,12090.42,261.172941,0.5763888888888888,12077.494999999999
2020-08-17 13:51:00,12090.42,12091.06,12076.21,12082.96,96.896714,0.5770833333333333,12083.634999999998
2020-08-17 13:52:00,12082.94,12116.99,12081.95,12106.37,142.991332,0.5777777777777777,12099.470000000001
2020-08-17 13:53:00,12106.37,12109.28,12088.02,12099.83,119.136057,0.5784722222222223,12098.650000000001
2020-08-17 13:54:00,12098.44,12105.0,12085.0,12099.99,116.63164,0.5791666666666667,12095.0
2020-08-17 13:55:00,12099.99,12102.49,12086.19,12086.83,118.260575,0.5798611111111112,12094.34
2020-08-17 13:56:00,12087.35,12115.33,12085.62,12114.54,139.248786,0.5805555555555556,12100.475
2020-08-17 13:57:00,12114.57,12116.0,12104.43,12108.16,153.331876,0.58125,12110.215
2020-08-17 13:58:00,12109.22,12120.0,12105.0,12111.4,148.51872,0.5819444444444445,12112.5
2020-08-17 13:59:00,12111.23,12120.0,12106.43,12119.5,119.60031,0.5826388888888889,12113.215
2020-08-17 14:00:00,12119.5,12160.0,12119.48,12157.81,430.55219,0.5833333333333334,12139.74
2020-08-17 14:01:00,12157.81,12170.0,12142.19,12145.19,328.546426,0.5840277777777778,12156.095000000001
2020-08-17 14:02:00,12145.13,12190.23,12143.72,12188.87,225.990491,0.5847222222222223,12166.974999999999
2020-08-17 14:03:00,12188.88,12193.55,12153.72,12177.88,193.58143,0.5854166666666667,12173.634999999998
2020-08-17 14:04:00,12177.88,12190.0,12157.85,12171.6,235.439493,0.5861111111111111,12173.925
2020-08-17 14:05:00,12171.59,12177.62,12146.27,12149.58,199.200274,0.5868055555555556,12161.945
2020-08-17 14:06:00,12149.43,12175.0,12147.17,12173.56,191.381283,0.5875,12161.085
2020-08-17 14:07:00,12173.56,12187.02,12167.02,12173.56,171.904148,0.5881944444444445,12177.02
2020-08-17 14:08:00,12173.55,12184.74,12160.06,12169.65,197.88877,0.5888888888888889,12172.4
2020-08-17 14:09:00,12170.87,12180.0,12160.83,12169.13,189.936222,0.5895833333333333,12170.415
2020-08-17 14:10:00,12170.27,12190.0,12165.81,12180.0,171.576636,0.5902777777777778,12177.904999999999
2020-08-17 14:11:00,12179.56,12181.42,12134.66,12140.84,185.778059,0.5909722222222222,12158.04
2020-08-17 14:12:00,12140.83,12166.64,12140.13,12153.57,127.413171,0.5916666666666667,12153.384999999998
2020-08-17 14:13:00,12153.58,12168.2,12143.79,12156.72,174.210401,0.5923611111111111,12155.995
2020-08-17 14:14:00,12156.73,12161.67,12137.25,12140.33,99.715654,0.5930555555555556,12149.46
2020-08-17 14:15:00,12140.33,12164.06,12135.02,12162.69,104.71433,0.59375,12149.54
2020-08-17 14:16:00,12162.68,12170.0,12162.67,12169.67,143.451017,0.5944444444444444,12166.335
2020-08-17 14:17:00,12169.67,12185.99,12168.2,12182.1,122.170645,0.5951388888888889,12177.095000000001
2020-08-17 14:18:00,12182.1,12182.11,12170.17,12179.66,117.249321,0.5958333333333333,12176.14
2020-08-17 14:19:00,12179.66,12180.0,12166.19,12167.41,139.225802,0.5965277777777778,12173.095000000001
2020-08-17 14:20:00,12166.87,12172.24,12165.0,12169.24,90.630003,0.5972222222222222,12168.619999999999
2020-08-17 14:21:00,12169.25,12171.58,12165.0,12168.58,58.117178,0.5979166666666667,12168.29
2020-08-17 14:22:00,12168.59,12179.99,12168.27,12169.33,125.691145,0.5986111111111111,12174.130000000001
2020-08-17 14:23:00,12169.24,12171.4,12149.04,12149.04,149.617141,0.5993055555555555,12160.220000000001
2020-08-17 14:24:00,12149.04,12149.93,12106.42,12119.64,228.988322,0.6,12128.175
2020-08-17 14:25:00,12120.49,12130.84,12091.08,12098.46,217.286759,0.6006944444444444,12110.96
2020-08-17 14:26:00,12097.61,12117.39,12095.75,12114.12,139.010478,0.6013888888888889,12106.57
2020-08-17 14:27:00,12112.9,12116.23,12091.98,12111.95,179.353036,0.6020833333333333,12104.105
2020-08-17 14:28:00,12111.68,12130.0,12111.68,12127.34,94.600251,0.6027777777777777,12120.84
2020-08-17 14:29:00,12127.24,12128.53,12116.0,12122.01,62.62969,0.6034722222222222,12122.265
2020-08-17 14:30:00,12121.86,12149.94,12120.82,12144.28,117.651201,0.6041666666666666,12135.380000000001
2020-08-17 14:31:00,12144.29,12159.1,12142.26,12157.82,146.705736,0.6048611111111111,12150.68
2020-08-17 14:32:00,12157.84,12161.76,12150.03,12160.32,96.315985,0.6055555555555555,12155.895
2020-08-17 14:33:00,12160.32,12160.32,12152.0,12153.45,84.76271,0.60625,12156.16
2020-08-17 14:34:00,12153.25,12158.83,12152.26,12158.83,80.923946,0.6069444444444444,12155.545
2020-08-17 14:35:00,12158.83,12160.0,12143.63,12149.2,120.807111,0.6076388888888888,12151.814999999999
2020-08-17 14:36:00,12149.87,12151.79,12142.75,12142.89,71.549542,0.6083333333333333,12147.27
2020-08-17 14:37:00,12142.87,12145.75,12131.93,12138.61,58.266805,0.6090277777777777,12138.84
2020-08-17 14:38:00,12138.61,12139.95,12125.0,12130.46,133.617118,0.6097222222222223,12132.475
2020-08-17 14:39:00,12130.45,12158.99,12128.89,12155.2,138.960141,0.6104166666666667,12143.939999999999
2020-08-17 14:40:00,12155.13,12160.0,12140.17,12146.87,73.013677,0.6111111111111112,12150.085
2020-08-17 14:41:00,12146.86,12157.53,12139.62,12157.53,61.138168,0.6118055555555556,12148.575
2020-08-17 14:42:00,12157.32,12163.85,12153.15,12159.63,112.322693,0.6125,12158.5
2020-08-17 14:43:00,12159.62,12166.99,12154.1,12166.99,70.10437,0.6131944444444445,12160.545
2020-08-17 14:44:00,12166.99,12167.0,12156.02,12160.63,54.442113,0.6138888888888889,12161.51
2020-08-17 14:45:00,12160.62,12164.59,12143.99,12151.95,82.210648,0.6145833333333334,12154.29
2020-08-17 14:46:00,12151.96,12160.95,12151.93,12155.86,51.117603,0.6152777777777778,12156.44
2020-08-17 14:47:00,12155.86,12160.9,12148.46,12149.73,68.352221,0.6159722222222223,12154.68
2020-08-17 14:48:00,12149.86,12150.0,12142.85,12145.12,47.037054,0.6166666666666667,12146.425
2020-08-17 14:49:00,12145.15,12155.0,12145.13,12153.8,74.804436,0.6173611111111111,12150.064999999999
2020-08-17 14:50:00,12153.8,12154.56,12142.83,12153.28,49.69373,0.6180555555555556,12148.695
2020-08-17 14:51:00,12153.26,12153.27,12132.46,12134.1,76.337829,0.61875,12142.865
2020-08-17 14:52:00,12134.1,12146.65,12132.09,12137.24,72.581833,0.6194444444444445,12139.369999999999
2020-08-17 14:53:00,12137.19,12151.06,12136.94,12151.06,75.678579,0.6201388888888889,12144.0
2020-08-17 14:54:00,12151.16,12153.98,12147.55,12149.92,42.901156,0.6208333333333333,12150.765
2020-08-17 14:55:00,12149.99,12159.0,12149.92,12158.13,36.802268,0.6215277777777778,12154.46
2020-08-17 14:56:00,12158.14,12161.0,12157.73,12158.05,59.052957,0.6222222222222222,12159.365
2020-08-17 14:57:00,12158.05,12162.78,12157.33,12160.64,40.204027,0.6229166666666667,12160.055
2020-08-17 14:58:00,12160.64,12164.0,12159.97,12163.62,44.838206,0.6236111111111111,12161.985
2020-08-17 14:59:00,12163.62,12167.58,12157.5,12165.1,84.992695,0.6243055555555556,12162.54
2020-08-17 15:00:00,12165.1,12169.71,12155.0,12156.01,80.150188,0.625,12162.355
2020-08-17 15:01:00,12156.09,12168.8,12150.6,12163.99,113.533972,0.6256944444444444,12159.7
2020-08-17 15:02:00,12164.0,12178.58,12164.0,12171.23,111.260276,0.6263888888888889,12171.29
2020-08-17 15:03:00,12171.13,12182.34,12171.13,12182.2,106.38253,0.6270833333333333,12176.735
2020-08-17 15:04:00,12182.2,12185.1,12166.88,12170.59,80.491138,0.6277777777777778,12175.99
2020-08-17 15:05:00,12170.67,12179.38,12163.01,12178.33,81.712451,0.6284722222222222,12171.195
2020-08-17 15:06:00,12178.28,12178.9,12169.0,12169.01,47.197666,0.6291666666666667,12173.95
2020-08-17 15:07:00,12169.01,12177.0,12163.17,12173.44,39.84162,0.6298611111111111,12170.085
2020-08-17 15:08:00,12173.43,12175.18,12158.9,12161.13,61.40547,0.6305555555555555,12167.04
2020-08-17 15:09:00,12161.12,12165.93,12160.0,12160.01,55.039505,0.63125,12162.965
2020-08-17 15:10:00,12160.0,12162.91,12156.16,12156.83,56.259877,0.6319444444444444,12159.535
2020-08-17 15:11:00,12156.83,12160.71,12149.0,12149.95,69.486013,0.6326388888888889,12154.855
2020-08-17 15:12:00,12150.0,12151.29,12142.59,12148.59,50.49497,0.6333333333333333,12146.94
2020-08-17 15:13:00,12148.55,12161.49,12146.69,12157.9,66.909675,0.6340277777777777,12154.09
2020-08-17 15:14:00,12157.49,12164.39,12155.61,12159.23,40.117103,0.6347222222222222,12160.0
2020-08-17 15:15:00,12159.26,12161.06,12153.69,12154.81,26.359814,0.6354166666666666,12157.375
2020-08-17 15:16:00,12154.81,12160.91,12154.81,12159.23,45.235396,0.6361111111111111,12157.86
2020-08-17 15:17:00,12159.21,12159.21,12150.5,12150.51,48.857884,0.6368055555555555,12154.855
2020-08-17 15:18:00,12150.51,12156.48,12149.53,12149.68,72.735207,0.6375,12153.005000000001
2020-08-17 15:19:00,12149.68,12150.28,12137.0,12137.76,84.884075,0.6381944444444444,12143.64
2020-08-17 15:20:00,12137.76,12138.82,12129.87,12135.99,55.03049,0.6388888888888888,12134.345000000001
2020-08-17 15:21:00,12136.0,12140.0,12132.32,12139.8,50.509589,0.6395833333333333,12136.16
2020-08-17 15:22:00,12139.81,12143.2,12139.8,12142.68,31.888463,0.6402777777777777,12141.5
2020-08-17 15:23:00,12142.67,12147.38,12140.91,12146.55,33.362717,0.6409722222222223,12144.145
2020-08-17 15:24:00,12146.55,12156.64,12144.88,12150.56,56.386197,0.6416666666666667,12150.759999999998
2020-08-17 15:25:00,12150.56,12154.0,12146.56,12152.78,51.080808,0.6423611111111112,12150.279999999999
2020-08-17 15:26:00,12152.78,12154.0,12145.02,12148.91,37.987259,0.6430555555555556,12149.51
2020-08-17 15:27:00,12148.91,12163.34,12146.86,12162.31,37.114104,0.64375,12155.1
2020-08-17 15:28:00,12162.32,12170.0,12158.36,12169.99,50.19143,0.6444444444444445,12164.18
2020-08-17 15:29:00,12170.0,12182.48,12169.99,12181.74,131.832687,0.6451388888888889,12176.235
2020-08-17 15:30:00,12181.97,12200.0,12181.97,12198.21,356.752878,0.6458333333333334,12190.985
2020-08-17 15:31:00,12195.8,12234.33,12195.09,12213.8,624.106861,0.6465277777777778,12214.71
2020-08-17 15:32:00,12213.81,12248.0,12205.0,12235.35,281.882883,0.6472222222222223,12226.5
2020-08-17 15:33:00,12235.35,12290.0,12230.13,12284.14,722.222186,0.6479166666666667,12260.064999999999
2020-08-17 15:34:00,12285.57,12296.0,12246.08,12249.73,441.661674,0.6486111111111111,12271.04
2020-08-17 15:35:00,12249.01,12270.0,12214.91,12260.28,331.755501,0.6493055555555556,12242.455
2020-08-17 15:36:00,12260.28,12283.85,12258.83,12270.83,172.274482,0.65,12271.34
2020-08-17 15:37:00,12270.83,12275.19,12246.91,12257.34,145.945756,0.6506944444444445,12261.05
2020-08-17 15:38:00,12257.18,12275.01,12252.61,12257.05,111.509861,0.6513888888888889,12263.810000000001
2020-08-17 15:39:00,12256.73,12257.81,12234.44,12234.45,138.841756,0.6520833333333333,12246.125
2020-08-17 15:40:00,12235.28,12270.0,12234.69,12268.82,123.474152,0.6527777777777778,12252.345000000001
2020-08-17 15:41:00,12268.99,12277.31,12260.11,12275.33,140.362558,0.6534722222222222,12268.71
2020-08-17 15:42:00,12275.33,12292.13,12269.78,12292.1,127.565622,0.6541666666666667,12280.955
2020-08-17 15:43:00,12292.09,12320.0,12286.82,12309.19,592.393504,0.6548611111111111,12303.41
2020-08-17 15:44:00,12309.79,12356.15,12306.63,12350.67,540.069214,0.6555555555555556,12331.39
2020-08-17 15:45:00,12351.21,12369.69,12331.55,12368.58,322.554187,0.65625,12350.619999999999
2020-08-17 15:46:00,12368.59,12419.42,12368.03,12407.88,554.813055,0.6569444444444444,12393.725
2020-08-17 15:47:00,12411.99,12411.99,12341.56,12377.39,370.275036,0.6576388888888889,12376.775
2020-08-17 15:48:00,12379.67,12430.0,12372.64,12429.99,380.028044,0.6583333333333333,12401.32
2020-08-17 15:49:00,12430.0,12455.0,12402.4,12450.22,410.535006,0.6590277777777778,12428.7
2020-08-17 15:50:00,12451.27,12454.0,12400.0,12400.1,256.209015,0.6597222222222222,12427.0
2020-08-17 15:51:00,12400.09,12441.67,12398.0,12408.99,224.603193,0.6604166666666667,12419.835
2020-08-17 15:52:00,12408.06,12424.19,12387.39,12403.54,288.76492,0.6611111111111111,12405.79
2020-08-17 15:53:00,12403.54,12410.0,12390.35,12401.5,147.484237,0.6618055555555555,12400.175
2020-08-17 15:54:00,12403.15,12408.37,12359.74,12393.43,217.967812,0.6625,12384.055
2020-08-17 15:55:00,12391.67,12394.75,12366.44,12390.78,177.444567,0.6631944444444444,12380.595000000001
2020-08-17 15:56:00,12389.99,12405.0,12381.08,12398.24,142.358757,0.6638888888888889,12393.04
2020-08-17 15:57:00,12398.33,12413.76,12393.01,12405.87,141.132047,0.6645833333333333,12403.385
2020-08-17 15:58:00,12405.71,12425.0,12400.0,12421.35,175.317167,0.6652777777777777,12412.5
2020-08-17 15:59:00,12422.28,12422.34,12399.0,12421.55,152.254584,0.6659722222222222,12410.67
2020-08-17 16:00:00,12421.84,12455.0,12420.78,12445.62,243.259286,0.6666666666666666,12437.89
2020-08-17 16:01:00,12445.62,12468.0,12431.66,12432.66,382.687059,0.6673611111111111,12449.83
2020-08-17 16:02:00,12433.4,12439.07,12369.92,12371.34,288.518335,0.6680555555555555,12404.494999999999
2020-08-17 16:03:00,12371.46,12411.53,12371.21,12391.3,176.91436,0.66875,12391.369999999999
2020-08-17 16:04:00,12391.3,12395.77,12375.07,12375.09,132.77151,0.6694444444444444,12385.42
2020-08-17 16:05:00,12377.26,12391.27,12366.44,12380.49,174.996367,0.6701388888888888,12378.855
2020-08-17 16:06:00,12380.28,12389.65,12365.83,12370.79,88.412158,0.6708333333333333,12377.74
2020-08-17 16:07:00,12371.46,12378.55,12337.59,12369.28,251.053204,0.6715277777777777,12358.07
2020-08-17 16:08:00,12369.28,12373.21,12352.31,12359.67,82.717614,0.6722222222222223,12362.759999999998
2020-08-17 16:09:00,12359.65,12360.3,12346.64,12349.56,74.533909,0.6729166666666667,12353.47
2020-08-17 16:10:00,12349.56,12361.1,12346.17,12361.08,90.235154,0.6736111111111112,12353.635
2020-08-17 16:11:00,12361.08,12362.23,12286.0,12346.63,353.113635,0.6743055555555556,12324.115
2020-08-17 16:12:00,12346.63,12355.74,12333.04,12352.97,169.913251,0.675,12344.39
2020-08-17 16:13:00,12351.64,12363.45,12346.16,12349.18,95.292884,0.6756944444444445,12354.805
2020-08-17 16:14:00,12349.18,12373.93,12349.18,12371.05,89.23395,0.6763888888888889,12361.555
2020-08-17 16:15:00,12371.05,12374.54,12359.46,12360.7,76.54191,0.6770833333333334,12367.0
2020-08-17 16:16:00,12360.7,12374.54,12360.7,12369.05,93.301117,0.6777777777777778,12367.62
2020-08-17 16:17:00,12369.06,12369.83,12357.62,12360.43,88.098031,0.6784722222222223,12363.725
2020-08-17 16:18:00,12360.4,12360.4,12338.04,12347.5,127.788873,0.6791666666666667,12349.220000000001
2020-08-17 16:19:00,12347.45,12365.67,12340.0,12347.78,105.182432,0.6798611111111111,12352.835
2020-08-17 16:20:00,12347.07,12352.81,12342.78,12343.38,60.217923,0.6805555555555556,12347.795
2020-08-17 16:21:00,12343.37,12346.02,12331.55,12344.53,108.45081,0.68125,12338.785
2020-08-17 16:22:00,12344.53,12352.22,12342.51,12351.16,57.747302,0.6819444444444445,12347.365
2020-08-17 16:23:00,12351.16,12354.61,12340.48,12349.46,101.801365,0.6826388888888889,12347.545
2020-08-17 16:24:00,12349.44,12358.2,12348.65,12356.68,62.1703,0.6833333333333333,12353.425
2020-08-17 16:25:00,12356.68,12359.99,12343.02,12357.82,119.675354,0.6840277777777778,12351.505000000001
2020-08-17 16:26:00,12357.83,12357.85,12350.34,12355.34,64.015473,0.6847222222222222,12354.095000000001
2020-08-17 16:27:00,12355.34,12365.0,12351.91,12359.27,95.862379,0.6854166666666667,12358.455
2020-08-17 16:28:00,12359.27,12363.29,12353.0,12361.27,224.7054,0.6861111111111111,12358.145
2020-08-17 16:29:00,12361.08,12373.24,12361.08,12373.0,115.275633,0.6868055555555556,12367.16
2020-08-17 16:30:00,12373.0,12373.01,12347.79,12359.78,261.698058,0.6875,12360.400000000001
2020-08-17 16:31:00,12359.79,12359.99,12350.71,12356.68,99.607026,0.6881944444444444,12355.349999999999
2020-08-17 16:32:00,12356.68,12357.84,12318.18,12334.72,179.610686,0.6888888888888889,12338.01
2020-08-17 16:33:00,12335.1,12341.62,12307.0,12323.53,163.216677,0.6895833333333333,12324.310000000001
2020-08-17 16:34:00,12323.53,12333.81,12315.95,12315.99,67.773336,0.6902777777777778,12324.880000000001
2020-08-17 16:35:00,12315.99,12336.87,12314.31,12329.42,97.727093,0.6909722222222222,12325.59
2020-08-17 16:36:00,12329.43,12334.53,12323.97,12333.08,70.133074,0.6916666666666667,12329.25
2020-08-17 16:37:00,12333.08,12334.34,12324.34,12324.34,72.159121,0.6923611111111111,12329.34
2020-08-17 16:38:00,12324.35,12337.34,12324.32,12328.98,80.008238,0.6930555555555555,12330.83
2020-08-17 16:39:00,12328.98,12350.0,12328.77,12346.02,81.722738,0.69375,12339.385
2020-08-17 16:40:00,12346.02,12354.83,12344.28,12349.6,52.596772,0.6944444444444444,12349.555
2020-08-17 16:41:00,12349.6,12354.62,12337.32,12348.64,52.501872,0.6951388888888889,12345.970000000001
2020-08-17 16:42:00,12348.65,12365.61,12348.64,12356.84,96.868018,0.6958333333333333,12357.125
2020-08-17 16:43:00,12356.12,12363.56,12354.74,12358.83,70.594225,0.6965277777777777,12359.15
2020-08-17 16:44:00,12358.83,12358.83,12344.48,12354.82,85.083584,0.6972222222222222,12351.654999999999
2020-08-17 16:45:00,12354.82,12362.61,12346.53,12350.06,36.232727,0.6979166666666666,12354.57
2020-08-17 16:46:00,12350.07,12354.35,12341.98,12343.6,51.534087,0.6986111111111111,12348.165
2020-08-17 16:47:00,12343.46,12352.49,12343.07,12345.0,47.294741,0.6993055555555555,12347.779999999999
2020-08-17 16:48:00,12345.0,12346.78,12340.76,12343.68,60.26534,0.7,12343.77
2020-08-17 16:49:00,12343.69,12345.0,12336.06,12339.26,66.427566,0.7006944444444444,12340.529999999999
2020-08-17 16:50:00,12339.26,12343.17,12331.29,12338.89,82.460958,0.7013888888888888,12337.23
2020-08-17 16:51:00,12338.89,12343.75,12331.09,12343.75,86.884005,0.7020833333333333,12337.42
2020-08-17 16:52:00,12343.72,12344.79,12333.39,12337.77,49.478991,0.7027777777777777,12339.09
2020-08-17 16:53:00,12337.77,12342.58,12335.01,12336.06,62.483756,0.7034722222222223,12338.795
2020-08-17 16:54:00,12336.06,12339.05,12327.34,12332.25,82.733307,0.7041666666666667,12333.195
2020-08-17 16:55:00,12332.25,12356.0,12332.25,12354.49,131.775313,0.7048611111111112,12344.125
2020-08-17 16:56:00,12354.14,12357.0,12353.75,12356.38,65.657172,0.7055555555555556,12355.375
2020-08-17 16:57:00,12356.38,12358.0,12346.62,12354.11,119.487201,0.70625,12352.310000000001
2020-08-17 16:58:00,12354.11,12355.58,12345.49,12346.93,48.926162,0.7069444444444445,12350.535
2020-08-17 16:59:00,12346.94,12364.14,12346.94,12363.36,136.969974,0.7076388888888889,12355.54
2020-08-17 17:00:00,12363.36,12372.61,12356.69,12361.13,111.372407,0.7083333333333334,12364.650000000001
2020-08-17 17:01:00,12361.14,12363.07,12353.17,12355.58,51.350462,0.7090277777777778,12358.119999999999
2020-08-17 17:02:00,12355.57,12366.33,12354.62,12361.76,85.256601,0.7097222222222223,12360.475
2020-08-17 17:03:00,12361.76,12365.17,12350.47,12358.71,92.392131,0.7104166666666667,12357.82
2020-08-17 17:04:00,12358.71,12368.0,12355.72,12362.37,72.123808,0.7111111111111111,12361.86
2020-08-17 17:05:00,12362.37,12373.6,12361.42,12368.37,61.403627,0.7118055555555556,12367.51
2020-08-17 17:06:00,12368.25,12387.98,12368.04,12384.38,67.334709,0.7125,12378.01
2020-08-17 17:07:00,12384.42,12398.0,12378.86,12396.22,119.431721,0.7131944444444445,12388.43
2020-08-17 17:08:00,12396.18,12398.0,12381.03,12386.73,108.350265,0.7138888888888889,12389.515
2020-08-17 17:09:00,12386.74,12396.16,12386.73,12388.67,63.736676,0.7145833333333333,12391.445
2020-08-17 17:10:00,12388.67,12393.9,12388.33,12390.43,52.62969,0.7152777777777778,12391.115
2020-08-17 17:11:00,12390.4,12392.19,12378.17,12382.85,51.085941,0.7159722222222222,12385.18
2020-08-17 17:12:00,12382.89,12385.46,12369.79,12372.1,31.73443,0.7166666666666667,12377.625
2020-08-17 17:13:00,12372.09,12372.22,12366.68,12368.07,39.492326,0.7173611111111111,12369.45
2020-08-17 17:14:00,12368.06,12373.11,12362.0,12369.38,62.328129,0.7180555555555556,12367.555
2020-08-17 17:15:00,12369.41,12379.81,12368.82,12379.52,71.013654,0.71875,12374.314999999999
2020-08-17 17:16:00,12379.53,12388.04,12378.0,12387.96,59.84218,0.7194444444444444,12383.02
2020-08-17 17:17:00,12387.97,12397.95,12387.97,12397.68,49.528964,0.7201388888888889,12392.96
2020-08-17 17:18:00,12397.67,12399.0,12390.0,12396.51,106.186709,0.7208333333333333,12394.5
2020-08-17 17:19:00,12396.51,12407.08,12393.33,12398.62,141.728347,0.7215277777777778,12400.205
2020-08-17 17:20:00,12398.62,12410.0,12398.61,12400.0,115.699322,0.7222222222222222,12404.305
2020-08-17 17:21:00,12400.05,12400.96,12388.0,12397.43,44.287534,0.7229166666666667,12394.48
2020-08-17 17:22:00,12397.42,12397.76,12390.0,12393.0,29.640234,0.7236111111111111,12393.880000000001
2020-08-17 17:23:00,12393.0,12394.27,12379.57,12386.65,70.390422,0.7243055555555555,12386.92
2020-08-17 17:24:00,12386.71,12392.65,12384.12,12389.34,41.695774,0.725,12388.385
2020-08-17 17:25:00,12389.34,12397.37,12387.02,12388.06,60.652296,0.7256944444444444,12392.195
2020-08-17 17:26:00,12388.01,12388.01,12365.83,12373.08,56.287573,0.7263888888888889,12376.92
2020-08-17 17:27:00,12373.09,12374.16,12365.92,12370.94,64.20268,0.7270833333333333,12370.04
2020-08-17 17:28:00,12370.94,12371.74,12315.0,12345.84,219.682682,0.7277777777777777,12343.369999999999
2020-08-17 17:29:00,12345.84,12357.83,12343.83,12347.88,129.499452,0.7284722222222222,12350.83
2020-08-17 17:30:00,12348.59,12348.97,12327.46,12343.86,101.744045,0.7291666666666666,12338.215
2020-08-17 17:31:00,12343.85,12354.83,12340.68,12354.58,64.898344,0.7298611111111111,12347.755000000001
2020-08-17 17:32:00,12354.59,12363.01,12353.11,12362.5,38.116192,0.7305555555555555,12358.060000000001
2020-08-17 17:33:00,12362.5,12365.28,12354.32,12361.49,52.992461,0.73125,12359.8
2020-08-17 17:34:00,12361.5,12371.26,12361.44,12366.67,113.970835,0.7319444444444444,12366.35
2020-08-17 17:35:00,12366.67,12375.33,12366.63,12372.17,48.45556,0.7326388888888888,12370.98
2020-08-17 17:36:00,12372.17,12381.75,12371.43,12371.43,40.416117,0.7333333333333333,12376.59
2020-08-17 17:37:00,12371.46,12372.31,12359.18,12362.62,50.036628,0.7340277777777777,12365.744999999999
2020-08-17 17:38:00,12362.62,12380.0,12360.54,12376.68,39.531187,0.7347222222222223,12370.27
2020-08-17 17:39:00,12376.68,12376.86,12372.76,12374.02,28.154934,0.7354166666666667,12374.810000000001
2020-08-17 17:40:00,12374.03,12383.11,12374.01,12381.96,34.477007,0.7361111111111112,12378.560000000001
2020-08-17 17:41:00,12381.96,12393.43,12381.95,12387.39,59.857664,0.7368055555555556,12387.69
2020-08-17 17:42:00,12387.37,12388.17,12370.48,12370.48,35.567888,0.7375,12379.325
2020-08-17 17:43:00,12370.48,12376.74,12368.73,12375.48,23.672739,0.7381944444444445,12372.735
2020-08-17 17:44:00,12375.47,12382.41,12375.23,12379.99,25.943825,0.7388888888888889,12378.82
2020-08-17 17:45:00,12379.98,12382.43,12375.45,12375.85,36.277677,0.7395833333333334,12378.94
2020-08-17 17:46:00,12375.86,12380.0,12374.66,12376.43,42.411302,0.7402777777777778,12377.33
2020-08-17 17:47:00,12376.43,12389.71,12372.19,12388.41,43.211566,0.7409722222222223,12380.95
2020-08-17 17:48:00,12388.42,12392.95,12379.35,12380.98,62.843485,0.7416666666666667,12386.150000000001
2020-08-17 17:49:00,12380.96,12383.06,12374.67,12378.41,36.608426,0.7423611111111111,12378.865
2020-08-17 17:50:00,12378.41,12380.45,12378.41,12380.2,17.778749,0.7430555555555556,12379.43
2020-08-17 17:51:00,12380.21,12385.95,12377.07,12379.78,64.083031,0.74375,12381.51
2020-08-17 17:52:00,12379.78,12384.49,12377.39,12382.39,70.980491,0.7444444444444445,12380.939999999999
2020-08-17 17:53:00,12382.39,12385.76,12375.61,12380.83,77.513125,0.7451388888888889,12380.685000000001
2020-08-17 17:54:00,12380.83,12384.12,12374.5,12374.97,19.323514,0.7458333333333333,12379.310000000001
2020-08-17 17:55:00,12374.97,12379.78,12374.51,12378.27,22.421629,0.7465277777777778,12377.145
2020-08-17 17:56:00,12378.26,12378.27,12374.5,12376.34,35.491474,0.7472222222222222,12376.385
2020-08-17 17:57:00,12376.34,12377.61,12371.43,12371.68,39.415008,0.7479166666666667,12374.52
2020-08-17 17:58:00,12371.68,12376.5,12365.0,12370.53,38.760427,0.7486111111111111,12370.75
2020-08-17 17:59:00,12370.69,12370.77,12354.04,12365.06,57.578485,0.7493055555555556,12362.405
2020-08-17 18:00:00,12365.42,12385.76,12365.42,12380.78,71.672327,0.75,12375.59
2020-08-17 18:01:00,12380.84,12385.76,12380.84,12384.06,28.63132,0.7506944444444444,12383.3
2020-08-17 18:02:00,12384.06,12384.85,12380.06,12381.36,35.420546,0.7513888888888889,12382.455
2020-08-17 18:03:00,12381.35,12386.85,12380.5,12380.76,71.974135,0.7520833333333333,12383.675
2020-08-17 18:04:00,12380.76,12380.76,12371.91,12372.34,46.862313,0.7527777777777778,12376.335
2020-08-17 18:05:00,12372.35,12375.91,12365.96,12373.01,44.720992,0.7534722222222222,12370.935
2020-08-17 18:06:00,12373.01,12373.02,12368.37,12369.22,54.965536,0.7541666666666667,12370.695
2020-08-17 18:07:00,12369.22,12369.22,12363.57,12365.27,22.763957,0.7548611111111111,12366.395
2020-08-17 18:08:00,12365.27,12369.75,12361.45,12361.55,15.774012,0.7555555555555555,12365.6
2020-08-17 18:09:00,12361.63,12368.28,12361.34,12363.49,37.227318,0.75625,12364.810000000001
2020-08-17 18:10:00,12363.5,12363.5,12349.03,12352.31,71.244973,0.7569444444444444,12356.265
2020-08-17 18:11:00,12352.4,12355.83,12338.84,12343.54,144.133692,0.7576388888888889,12347.335
2020-08-17 18:12:00,12343.57,12349.07,12341.27,12343.36,29.60676,0.7583333333333333,12345.17
2020-08-17 18:13:00,12343.2,12351.53,12343.2,12349.6,41.326299,0.7590277777777777,12347.365000000002
2020-08-17 18:14:00,12349.6,12362.9,12348.78,12362.9,93.83365,0.7597222222222222,12355.84
2020-08-17 18:15:00,12361.24,12366.91,12356.81,12364.91,48.833184,0.7604166666666666,12361.86
2020-08-17 18:16:00,12364.91,12368.0,12361.23,12364.55,67.024728,0.7611111111111111,12364.615
2020-08-17 18:17:00,12364.56,12368.59,12363.99,12367.04,60.198486,0.7618055555555555,12366.29
2020-08-17 18:18:00,12367.03,12373.59,12365.0,12372.32,59.186532,0.7625,12369.295
2020-08-17 18:19:00,12372.32,12372.32,12363.57,12365.39,34.480416,0.7631944444444444,12367.945
2020-08-17 18:20:00,12365.39,12365.39,12347.79,12350.11,80.592082,0.7638888888888888,12356.59
2020-08-17 18:21:00,12350.11,12360.78,12349.86,12359.55,117.110395,0.7645833333333333,12355.32
2020-08-17 18:22:00,12359.55,12363.07,12351.89,12353.92,62.260583,0.7652777777777777,12357.48
2020-08-17 18:23:00,12353.92,12359.13,12339.01,12339.84,57.884957,0.7659722222222223,12349.07
2020-08-17 18:24:00,12339.83,12347.65,12339.54,12345.56,51.184829,0.7666666666666667,12343.595000000001
2020-08-17 18:25:00,12345.4,12346.16,12340.0,12340.27,53.440249,0.7673611111111112,12343.08
2020-08-17 18:26:00,12340.19,12348.04,12340.0,12342.2,46.01652,0.7680555555555556,12344.02
2020-08-17 18:27:00,12342.21,12343.7,12340.0,12341.59,30.111759,0.76875,12341.85
2020-08-17 18:28:00,12341.59,12341.59,12336.47,12336.55,56.903871,0.7694444444444445,12339.029999999999
2020-08-17 18:29:00,12336.55,12336.55,12330.0,12334.14,46.84539,0.7701388888888889,12333.275
2020-08-17 18:30:00,12334.13,12345.75,12332.63,12345.2,51.314194,0.7708333333333334,12339.189999999999
2020-08-17 18:31:00,12345.19,12345.42,12334.41,12338.14,78.08944,0.7715277777777778,12339.915
2020-08-17 18:32:00,12338.34,12338.36,12329.99,12336.32,48.45438,0.7722222222222223,12334.175
2020-08-17 18:33:00,12336.32,12344.94,12336.22,12340.45,36.96711,0.7729166666666667,12340.58
2020-08-17 18:34:00,12340.46,12341.81,12337.8,12339.98,45.066692,0.7736111111111111,12339.805
2020-08-17 18:35:00,12339.99,12340.01,12335.81,12339.27,28.385715,0.7743055555555556,12337.91
2020-08-17 18:36:00,12339.26,12339.26,12335.57,12338.2,31.564541,0.775,12337.415
2020-08-17 18:37:00,12338.2,12341.81,12338.18,12341.74,40.173119,0.7756944444444445,12339.994999999999
2020-08-17 18:38:00,12341.75,12345.35,12339.96,12344.33,41.109882,0.7763888888888889,12342.654999999999
2020-08-17 18:39:00,12344.33,12344.34,12344.32,12344.33,10.60463,0.7770833333333333,12344.33
2020-08-17 18:40:00,12344.33,12348.72,12344.32,12348.66,24.180307,0.7777777777777778,12346.52
2020-08-17 18:41:00,12348.65,12348.72,12348.62,12348.72,18.085933,0.7784722222222222,12348.67
2020-08-17 18:42:00,12348.71,12349.0,12341.8,12343.73,40.791466,0.7791666666666667,12345.4
2020-08-17 18:43:00,12343.73,12343.74,12337.7,12338.53,28.509618,0.7798611111111111,12340.720000000001
2020-08-17 18:44:00,12338.53,12339.66,12336.16,12336.56,35.450079,0.7805555555555556,12337.91
2020-08-17 18:45:00,12336.55,12337.72,12332.64,12332.65,35.141596,0.78125,12335.18
2020-08-17 18:46:00,12332.65,12333.13,12326.16,12326.51,63.417706,0.7819444444444444,12329.645
2020-08-17 18:47:00,12326.51,12335.67,12326.2,12331.84,40.20013,0.7826388888888889,12330.935000000001
2020-08-17 18:48:00,12331.84,12340.0,12331.37,12337.97,36.49401,0.7833333333333333,12335.685000000001
2020-08-17 18:49:00,12337.97,12339.96,12331.65,12335.14,25.01071,0.7840277777777778,12335.805
2020-08-17 18:50:00,12335.13,12336.6,12328.38,12330.21,20.796275,0.7847222222222222,12332.49
2020-08-17 18:51:00,12330.22,12330.85,12315.0,12326.36,62.528398,0.7854166666666667,12322.925
2020-08-17 18:52:00,12326.37,12326.93,12319.06,12320.27,45.348814,0.7861111111111111,12322.994999999999
2020-08-17 18:53:00,12320.8,12320.81,12270.0,12296.6,282.481717,0.7868055555555555,12295.404999999999
2020-08-17 18:54:00,12296.6,12297.0,12283.41,12287.27,111.155082,0.7875,12290.205
2020-08-17 18:55:00,12287.26,12291.23,12270.0,12270.25,84.770587,0.7881944444444444,12280.615
2020-08-17 18:56:00,12270.24,12314.0,12263.04,12304.76,117.160127,0.7888888888888889,12288.52
2020-08-17 18:57:00,12304.76,12320.0,12300.0,12303.18,70.227405,0.7895833333333333,12310.0
2020-08-17 18:58:00,12302.84,12317.66,12300.0,12302.01,59.471641,0.7902777777777777,12308.83
2020-08-17 18:59:00,12302.01,12313.58,12301.08,12306.64,62.807805,0.7909722222222222,12307.33
2020-08-17 19:00:00,12306.64,12309.12,12303.56,12306.48,34.065399,0.7916666666666666,12306.34
2020-08-17 19:01:00,12306.16,12307.04,12291.0,12296.5,45.302522,0.7923611111111111,12299.02
2020-08-17 19:02:00,12296.5,12299.99,12291.0,12293.86,41.738895,0.7930555555555555,12295.494999999999
2020-08-17 19:03:00,12293.89,12311.16,12293.86,12308.99,37.949641,0.79375,12302.51
2020-08-17 19:04:00,12308.99,12318.99,12307.14,12318.34,19.528509,0.7944444444444444,12313.064999999999
2020-08-17 19:05:00,12318.34,12321.61,12308.04,12309.88,45.27602,0.7951388888888888,12314.825
2020-08-17 19:06:00,12309.99,12311.5,12299.1,12302.63,24.211204,0.7958333333333333,12305.3
2020-08-17 19:07:00,12302.63,12334.78,12301.76,12327.6,104.28481,0.7965277777777777,12318.27
2020-08-17 19:08:00,12328.02,12329.91,12315.76,12320.31,75.5012,0.7972222222222223,12322.835
2020-08-17 19:09:00,12320.86,12324.91,12315.08,12318.33,24.957522,0.7979166666666667,12319.994999999999
2020-08-17 19:10:00,12318.33,12326.48,12317.48,12319.99,56.844935,0.7986111111111112,12321.98
2020-08-17 19:11:00,12319.99,12323.04,12303.57,12303.58,33.411064,0.7993055555555556,12313.305
2020-08-17 19:12:00,12303.57,12314.67,12301.03,12312.68,30.575266,0.8,12307.85
2020-08-17 19:13:00,12312.68,12313.0,12300.0,12305.36,46.503392,0.8006944444444445,12306.5
2020-08-17 19:14:00,12305.35,12307.05,12295.48,12296.08,30.119197,0.8013888888888889,12301.265
2020-08-17 19:15:00,12296.08,12299.07,12283.18,12295.7,34.209163,0.8020833333333334,12291.125
2020-08-17 19:16:00,12295.69,12297.96,12266.41,12268.15,122.373871,0.8027777777777778,12282.185
2020-08-17 19:17:00,12268.15,12280.4,12266.18,12274.18,54.155353,0.8034722222222223,12273.29
2020-08-17 19:18:00,12274.19,12283.87,12262.78,12275.95,138.294084,0.8041666666666667,12273.325
2020-08-17 19:19:00,12275.95,12277.35,12266.29,12267.83,60.527884,0.8048611111111111,12271.82
2020-08-17 19:20:00,12267.83,12279.21,12267.83,12274.5,57.838842,0.8055555555555556,12273.52
2020-08-17 19:21:00,12274.49,12281.88,12274.34,12278.01,46.087171,0.80625,12278.11
2020-08-17 19:22:00,12278.02,12292.31,12278.01,12292.06,34.463636,0.8069444444444445,12285.16
2020-08-17 19:23:00,12292.06,12321.0,12292.04,12312.73,109.037374,0.8076388888888889,12306.52
2020-08-17 19:24:00,12312.73,12324.07,12312.73,12315.43,51.390922,0.8083333333333333,12318.4
2020-08-17 19:25:00,12315.44,12316.91,12315.33,12316.0,29.762279,0.8090277777777778,12316.119999999999
2020-08-17 19:26:00,12316.0,12316.94,12312.18,12316.74,31.645787,0.8097222222222222,12314.560000000001
2020-08-17 19:27:00,12316.73,12316.75,12307.28,12313.15,48.121366,0.8104166666666667,12312.015
2020-08-17 19:28:00,12313.15,12313.44,12297.67,12298.77,49.841149,0.8111111111111111,12305.555
2020-08-17 19:29:00,12298.77,12305.68,12298.12,12299.54,45.828562,0.8118055555555556,12301.900000000001
2020-08-17 19:30:00,12299.55,12302.6,12294.04,12301.17,34.410134,0.8125,12298.32
2020-08-17 19:31:00,12301.17,12313.31,12301.17,12312.77,49.007108,0.8131944444444444,12307.24
2020-08-17 19:32:00,12312.77,12313.83,12309.24,12311.57,25.737841,0.8138888888888889,12311.535
2020-08-17 19:33:00,12311.58,12313.28,12309.9,12313.03,22.377918,0.8145833333333333,12311.59
2020-08-17 19:34:00,12313.03,12316.94,12313.03,12316.32,26.059856,0.8152777777777778,12314.985
2020-08-17 19:35:00,12316.28,12326.13,12316.2,12324.29,48.413729,0.8159722222222222,12321.165
2020-08-17 19:36:00,12324.29,12324.74,12316.2,12316.6,35.332841,0.8166666666666667,12320.470000000001
2020-08-17 19:37:00,12317.47,12317.47,12311.0,12313.94,24.57135,0.8173611111111111,12314.235
2020-08-17 19:38:00,12313.65,12314.71,12312.16,12313.18,26.784376,0.8180555555555555,12313.435
2020-08-17 19:39:00,12313.18,12313.96,12308.72,12309.89,41.749758,0.81875,12311.34
2020-08-17 19:40:00,12309.89,12312.54,12309.86,12311.74,17.919927,0.8194444444444444,12311.2
2020-08-17 19:41:00,12311.73,12313.98,12309.78,12311.03,17.504524,0.8201388888888889,12311.880000000001
2020-08-17 19:42:00,12311.07,12317.1,12308.67,12317.09,19.656922,0.8208333333333333,12312.885
2020-08-17 19:43:00,12317.09,12324.62,12317.09,12322.15,37.026273,0.8215277777777777,12320.855
2020-08-17 19:44:00,12322.14,12325.35,12321.9,12324.42,29.62855,0.8222222222222222,12323.625
2020-08-17 19:45:00,12324.43,12336.39,12324.42,12335.58,32.503987,0.8229166666666666,12330.404999999999
2020-08-17 19:46:00,12335.58,12341.0,12335.57,12340.99,56.955691,0.8236111111111111,12338.285
2020-08-17 19:47:00,12340.98,12341.0,12339.0,12339.88,18.740497,0.8243055555555555,12340.0
2020-08-17 19:48:00,12339.87,12340.0,12338.09,12340.0,34.257766,0.825,12339.045
2020-08-17 19:49:00,12340.0,12340.0,12322.19,12328.14,60.275886,0.8256944444444444,12331.095000000001
2020-08-17 19:50:00,12328.7,12330.72,12324.06,12326.38,19.79854,0.8263888888888888,12327.39
2020-08-17 19:51:00,12326.31,12334.42,12326.31,12330.09,23.498384,0.8270833333333333,12330.365
2020-08-17 19:52:00,12330.09,12330.1,12322.05,12323.32,33.860259,0.8277777777777777,12326.075
2020-08-17 19:53:00,12323.17,12325.8,12320.21,12324.73,24.089075,0.8284722222222223,12323.005
2020-08-17 19:54:00,12324.73,12331.63,12324.73,12330.98,15.996346,0.8291666666666667,12328.18
2020-08-17 19:55:00,12330.97,12331.37,12330.0,12330.08,16.242948,0.8298611111111112,12330.685000000001
2020-08-17 19:56:00,12330.08,12331.15,12329.84,12330.79,13.23486,0.8305555555555556,12330.494999999999
2020-08-17 19:57:00,12330.79,12335.0,12330.78,12335.0,20.529494,0.83125,12332.89
2020-08-17 19:58:00,12335.0,12340.0,12335.0,12335.92,28.503891,0.8319444444444445,12337.5
2020-08-17 19:59:00,12335.93,12338.51,12326.09,12328.53,55.746599,0.8326388888888889,12332.3
2020-08-17 20:00:00,12328.53,12343.0,12328.53,12343.0,37.62036,0.8333333333333334,12335.765
2020-08-17 20:01:00,12343.0,12353.0,12343.0,12352.99,86.053466,0.8340277777777778,12348.0
2020-08-17 20:02:00,12352.99,12359.98,12352.34,12354.81,58.205158,0.8347222222222223,12356.16
2020-08-17 20:03:00,12354.81,12356.29,12348.8,12353.16,52.040797,0.8354166666666667,12352.545
2020-08-17 20:04:00,12353.17,12359.68,12323.2,12327.04,197.070631,0.8361111111111111,12341.44
2020-08-17 20:05:00,12327.09,12328.32,12322.56,12322.56,52.232412,0.8368055555555556,12325.439999999999
2020-08-17 20:06:00,12323.74,12327.07,12314.28,12323.95,43.682933,0.8375,12320.675
2020-08-17 20:07:00,12323.96,12324.1,12316.7,12318.68,20.112025,0.8381944444444445,12320.400000000001
2020-08-17 20:08:00,12318.67,12323.55,12318.43,12320.24,10.856241,0.8388888888888889,12320.99
2020-08-17 20:09:00,12320.25,12326.79,12320.06,12320.72,30.586663,0.8395833333333333,12323.425
2020-08-17 20:10:00,12320.71,12321.1,12317.64,12320.25,22.503412,0.8402777777777778,12319.369999999999
2020-08-17 20:11:00,12320.25,12321.93,12318.22,12318.94,18.28009,0.8409722222222222,12320.075
2020-08-17 20:12:00,12319.17,12320.6,12317.38,12320.46,20.072446,0.8416666666666667,12318.99
2020-08-17 20:13:00,12320.47,12320.6,12315.0,12317.95,11.819324,0.8423611111111111,12317.8
2020-08-17 20:14:00,12317.95,12322.84,12285.4,12292.08,108.713147,0.8430555555555556,12304.119999999999
2020-08-17 20:15:00,12291.84,12298.0,12282.76,12295.26,48.399159,0.84375,12290.380000000001
2020-08-17 20:16:00,12295.26,12296.3,12287.01,12295.17,21.768004,0.8444444444444444,12291.654999999999
2020-08-17 20:17:00,12295.02,12298.98,12292.61,12298.48,19.505481,0.8451388888888889,12295.795
2020-08-17 20:18:00,12298.48,12304.82,12298.03,12304.06,31.205799,0.8458333333333333,12301.425
2020-08-17 20:19:00,12304.07,12313.21,12304.0,12312.65,30.561395,0.8465277777777778,12308.605
2020-08-17 20:20:00,12312.64,12312.64,12310.63,12312.61,28.667715,0.8472222222222222,12311.634999999998
2020-08-17 20:21:00,12312.62,12314.21,12310.56,12313.01,28.047986,0.8479166666666667,12312.384999999998
2020-08-17 20:22:00,12313.01,12313.01,12307.08,12307.19,38.744526,0.8486111111111111,12310.045
2020-08-17 20:23:00,12307.19,12315.0,12307.17,12309.39,26.6343,0.8493055555555555,12311.085
2020-08-17 20:24:00,12309.42,12315.0,12309.42,12314.84,15.916155,0.85,12312.21
2020-08-17 20:25:00,12314.85,12323.6,12314.85,12321.18,30.692434,0.8506944444444444,12319.225
2020-08-17 20:26:00,12321.18,12325.94,12321.18,12324.51,34.116303,0.8513888888888889,12323.560000000001
2020-08-17 20:27:00,12324.45,12329.04,12324.45,12329.04,29.453536,0.8520833333333333,12326.745
2020-08-17 20:28:00,12329.04,12329.7,12327.54,12328.22,55.361844,0.8527777777777777,12328.62
2020-08-17 20:29:00,12328.22,12328.23,12319.98,12319.98,58.583002,0.8534722222222222,12324.105
2020-08-17 20:30:00,12320.0,12320.0,12317.46,12318.08,14.256892,0.8541666666666666,12318.73
2020-08-17 20:31:00,12318.11,12320.0,12318.02,12318.11,11.855795,0.8548611111111111,12319.01
2020-08-17 20:32:00,12318.11,12318.11,12316.67,12316.98,5.644847,0.8555555555555555,12317.39
2020-08-17 20:33:00,12316.96,12317.95,12311.75,12312.8,22.169756,0.85625,12314.85
2020-08-17 20:34:00,12312.8,12312.8,12305.86,12307.39,18.074676,0.8569444444444444,12309.33
2020-08-17 20:35:00,12307.4,12307.4,12300.08,12301.35,29.202816,0.8576388888888888,12303.74
2020-08-17 20:36:00,12301.65,12312.17,12300.84,12312.17,31.882661,0.8583333333333333,12306.505000000001
2020-08-17 20:37:00,12311.97,12328.24,12311.97,12328.24,44.564554,0.8590277777777777,12320.105
2020-08-17 20:38:00,12327.17,12336.01,12326.72,12333.41,29.165199,0.8597222222222223,12331.365
2020-08-17 20:39:00,12333.41,12335.88,12332.0,12335.56,43.300845,0.8604166666666667,12333.939999999999
2020-08-17 20:40:00,12335.56,12336.25,12325.06,12325.06,91.209792,0.8611111111111112,12330.654999999999
2020-08-17 20:41:00,12323.56,12327.25,12323.46,12326.24,23.541,0.8618055555555556,12325.355
2020-08-17 20:42:00,12326.24,12326.24,12324.08,12324.2,19.179918,0.8625,12325.16
2020-08-17 20:43:00,12324.2,12327.66,12318.42,12318.85,47.131584,0.8631944444444445,12323.04
2020-08-17 20:44:00,12318.84,12319.0,12316.3,12317.99,14.632483,0.8638888888888889,12317.65
2020-08-17 20:45:00,12317.96,12317.96,12310.67,12311.41,28.025158,0.8645833333333334,12314.314999999999
2020-08-17 20:46:00,12311.4,12315.92,12309.31,12314.82,16.279949,0.8652777777777778,12312.615
2020-08-17 20:47:00,12314.81,12314.81,12290.91,12297.76,51.718042,0.8659722222222223,12302.86
2020-08-17 20:48:00,12297.76,12308.72,12297.76,12308.21,29.964813,0.8666666666666667,12303.24
2020-08-17 20:49:00,12308.34,12313.98,12308.21,12311.66,31.773523,0.8673611111111111,12311.095
2020-08-17 20:50:00,12311.67,12311.87,12300.05,12302.91,43.598316,0.8680555555555556,12305.96
2020-08-17 20:51:00,12302.9,12312.86,12302.76,12310.69,37.999336,0.86875,12307.810000000001
2020-08-17 20:52:00,12310.76,12317.88,12310.68,12317.83,50.114482,0.8694444444444445,12314.279999999999
2020-08-17 20:53:00,12317.83,12318.3,12313.21,12318.29,24.771297,0.8701388888888889,12315.755
2020-08-17 20:54:00,12318.3,12321.74,12318.29,12321.23,41.187898,0.8708333333333333,12320.015
2020-08-17 20:55:00,12321.24,12321.26,12320.48,12320.48,24.255663,0.8715277777777778,12320.869999999999
2020-08-17 20:56:00,12320.48,12324.0,12318.8,12321.68,39.857811,0.8722222222222222,12321.4
2020-08-17 20:57:00,12321.69,12321.82,12315.74,12317.36,36.293821,0.8729166666666667,12318.779999999999
2020-08-17 20:58:00,12317.36,12317.6,12312.49,12313.91,16.869899,0.8736111111111111,12315.045
2020-08-17 20:59:00,12313.69,12315.73,12310.01,12313.63,35.821377,0.8743055555555556,12312.869999999999
2020-08-17 21:00:00,12314.03,12318.3,12300.0,12301.25,47.561538,0.875,12309.15
2020-08-17 21:01:00,12301.25,12321.15,12300.05,12321.15,41.332444,0.8756944444444444,12310.599999999999
2020-08-17 21:02:00,12321.15,12324.0,12315.49,12319.79,22.238126,0.8763888888888889,12319.744999999999
2020-08-17 21:03:00,12319.78,12325.0,12317.95,12324.87,21.443561,0.8770833333333333,12321.475
2020-08-17 21:04:00,12324.87,12329.68,12324.47,12327.7,18.906049,0.8777777777777778,12327.075
2020-08-17 21:05:00,12327.7,12329.64,12315.16,12316.31,27.989736,0.8784722222222222,12322.4
2020-08-17 21:06:00,12316.26,12323.16,12316.2,12320.29,23.078001,0.8791666666666667,12319.68
2020-08-17 21:07:00,12320.29,12320.3,12317.94,12318.16,13.48409,0.8798611111111111,12319.119999999999
2020-08-17 21:08:00,12318.17,12318.66,12318.05,12318.63,12.836982,0.8805555555555555,12318.355
2020-08-17 21:09:00,12318.66,12318.88,12310.52,12316.26,29.739704,0.88125,12314.7
2020-08-17 21:10:00,12316.26,12318.46,12312.06,12312.6,19.599528,0.8819444444444444,12315.259999999998
2020-08-17 21:11:00,12312.6,12316.36,12311.02,12315.69,7.647788,0.8826388888888889,12313.69
2020-08-17 21:12:00,12315.8,12317.88,12315.57,12316.87,12.331165,0.8833333333333333,12316.724999999999
2020-08-17 21:13:00,12316.87,12325.0,12316.55,12324.9,21.750182,0.8840277777777777,12320.775
2020-08-17 21:14:00,12325.0,12332.16,12324.68,12331.83,27.555611,0.8847222222222222,12328.42
2020-08-17 21:15:00,12331.82,12334.07,12324.35,12327.97,33.700306,0.8854166666666666,12329.21
2020-08-17 21:16:00,12328.14,12328.74,12327.65,12328.7,19.616843,0.8861111111111111,12328.195
2020-08-17 21:17:00,12328.67,12331.05,12328.67,12329.48,14.41829,0.8868055555555555,12329.86
2020-08-17 21:18:00,12329.49,12334.75,12329.48,12334.34,28.328582,0.8875,12332.115
2020-08-17 21:19:00,12334.34,12345.22,12333.98,12339.88,51.187445,0.8881944444444444,12339.599999999999
2020-08-17 21:20:00,12339.88,12339.88,12335.06,12337.35,35.421657,0.8888888888888888,12337.47
2020-08-17 21:21:00,12336.92,12337.91,12328.81,12329.06,33.322866,0.8895833333333333,12333.36
2020-08-17 21:22:00,12329.12,12330.09,12317.85,12322.24,38.661006,0.8902777777777777,12323.970000000001
2020-08-17 21:23:00,12322.24,12323.26,12310.37,12312.85,21.606935,0.8909722222222223,12316.815
2020-08-17 21:24:00,12312.85,12315.52,12308.9,12309.4,20.68751,0.8916666666666667,12312.21
2020-08-17 21:25:00,12309.41,12315.01,12308.1,12311.68,27.212224,0.8923611111111112,12311.555
2020-08-17 21:26:00,12311.68,12315.47,12311.68,12315.47,12.088634,0.8930555555555556,12313.575
2020-08-17 21:27:00,12315.26,12316.09,12313.68,12314.31,14.170972,0.89375,12314.885
2020-08-17 21:28:00,12314.17,12314.47,12296.02,12300.71,45.691419,0.8944444444444445,12305.244999999999
2020-08-17 21:29:00,12300.72,12304.49,12299.24,12299.67,32.94995,0.8951388888888889,12301.865
2020-08-17 21:30:00,12299.67,12301.76,12299.24,12300.7,38.261261,0.8958333333333334,12300.5
2020-08-17 21:31:00,12300.7,12301.06,12299.24,12299.76,21.360783,0.8965277777777778,12300.15
2020-08-17 21:32:00,12299.89,12299.89,12293.71,12294.52,36.778276,0.8972222222222223,12296.8
2020-08-17 21:33:00,12294.52,12294.53,12290.0,12290.04,51.455336,0.8979166666666667,12292.265
2020-08-17 21:34:00,12290.04,12299.96,12290.0,12299.83,41.236213,0.8986111111111111,12294.98
2020-08-17 21:35:00,12299.83,12300.0,12299.03,12300.0,48.938217,0.8993055555555556,12299.515
2020-08-17 21:36:00,12300.0,12300.0,12292.22,12294.5,20.08587,0.9,12296.11
2020-08-17 21:37:00,12294.5,12296.01,12289.03,12293.56,28.714646,0.9006944444444445,12292.52
2020-08-17 21:38:00,12293.63,12293.7,12290.63,12291.28,9.317679,0.9013888888888889,12292.165
2020-08-17 21:39:00,12291.29,12291.51,12289.63,12290.46,11.946821,0.9020833333333333,12290.57
2020-08-17 21:40:00,12290.58,12290.76,12285.03,12286.34,23.051826,0.9027777777777778,12287.895
2020-08-17 21:41:00,12286.34,12286.5,12283.33,12284.78,19.734247,0.9034722222222222,12284.915
2020-08-17 21:42:00,12284.78,12285.74,12277.88,12281.73,39.42193,0.9041666666666667,12281.81
2020-08-17 21:43:00,12281.73,12289.38,12280.79,12289.38,34.010406,0.9048611111111111,12285.085
2020-08-17 21:44:00,12289.13,12290.65,12287.75,12290.58,23.973568,0.9055555555555556,12289.2
2020-08-17 21:45:00,12290.65,12304.0,12289.97,12303.5,57.201162,0.90625,12296.985
2020-08-17 21:46:00,12303.5,12305.3,12301.12,12304.09,52.64521,0.9069444444444444,12303.21
2020-08-17 21:47:00,12304.09,12313.24,12304.09,12312.02,16.319773,0.9076388888888889,12308.665
2020-08-17 21:48:00,12312.02,12314.0,12307.96,12308.32,13.819142,0.9083333333333333,12310.98
2020-08-17 21:49:00,12308.29,12309.12,12307.36,12309.06,15.715524,0.9090277777777778,12308.240000000002
2020-08-17 21:50:00,12309.06,12314.0,12309.05,12313.83,8.982883,0.9097222222222222,12311.525
2020-08-17 21:51:00,12313.82,12316.14,12312.48,12315.21,21.388345,0.9104166666666667,12314.31
2020-08-17 21:52:00,12315.22,12317.92,12314.76,12316.24,14.051514,0.9111111111111111,12316.34
2020-08-17 21:53:00,12316.24,12316.98,12314.76,12315.83,19.653923,0.9118055555555555,12315.869999999999
2020-08-17 21:54:00,12315.83,12318.89,12315.0,12315.67,33.925671,0.9125,12316.945
2020-08-17 21:55:00,12315.66,12318.83,12315.66,12316.48,18.220724,0.9131944444444444,12317.244999999999
2020-08-17 21:56:00,12316.49,12317.65,12315.0,12315.12,25.205619,0.9138888888888889,12316.325
2020-08-17 21:57:00,12315.11,12316.39,12315.0,12315.6,20.51944,0.9145833333333333,12315.695
2020-08-17 21:58:00,12315.6,12315.6,12312.05,12314.58,47.89703,0.9152777777777777,12313.825
2020-08-17 21:59:00,12314.58,12315.6,12314.39,12315.6,17.382841,0.9159722222222222,12314.994999999999
2020-08-17 22:00:00,12315.55,12316.59,12313.61,12314.19,9.27223,0.9166666666666666,12315.1
2020-08-17 22:01:00,12314.19,12314.2,12314.17,12314.18,9.062596,0.9173611111111111,12314.185000000001
2020-08-17 22:02:00,12314.18,12326.03,12314.17,12325.98,65.675544,0.9180555555555555,12320.1
2020-08-17 22:03:00,12325.99,12332.0,12325.98,12328.36,50.808088,0.91875,12328.99
2020-08-17 22:04:00,12328.39,12331.81,12328.39,12330.97,16.625741,0.9194444444444444,12330.099999999999
2020-08-17 22:05:00,12331.09,12334.98,12330.96,12334.0,62.233308,0.9201388888888888,12332.97
2020-08-17 22:06:00,12334.07,12334.07,12329.92,12329.93,53.684151,0.9208333333333333,12331.994999999999
2020-08-17 22:07:00,12329.92,12332.19,12322.85,12327.27,86.116218,0.9215277777777777,12327.52
2020-08-17 22:08:00,12327.27,12331.16,12319.5,12319.5,50.171108,0.9222222222222223,12325.33
2020-08-17 22:09:00,12319.51,12329.99,12319.5,12329.59,21.824958,0.9229166666666667,12324.744999999999
2020-08-17 22:10:00,12329.58,12335.88,12328.81,12335.88,50.654141,0.9236111111111112,12332.345
2020-08-17 22:11:00,12335.98,12338.08,12334.72,12338.01,24.804268,0.9243055555555556,12336.4
2020-08-17 22:12:00,12338.01,12341.16,12338.01,12341.16,27.540973,0.925,12339.585
2020-08-17 22:13:00,12341.16,12344.09,12337.0,12337.64,54.049454,0.9256944444444445,12340.545
2020-08-17 22:14:00,12337.63,12340.23,12330.0,12330.0,74.183808,0.9263888888888889,12335.115
2020-08-17 22:15:00,12330.0,12334.32,12330.0,12330.0,34.364361,0.9270833333333334,12332.16
2020-08-17 22:16:00,12330.0,12330.01,12326.0,12327.07,33.514551,0.9277777777777778,12328.005000000001
2020-08-17 22:17:00,12327.07,12329.01,12322.25,12323.33,37.353315,0.9284722222222223,12325.630000000001
2020-08-17 22:18:00,12323.43,12325.0,12322.4,12323.97,17.5466,0.9291666666666667,12323.7
2020-08-17 22:19:00,12323.97,12330.64,12323.01,12329.53,19.156078,0.9298611111111111,12326.825
2020-08-17 22:20:00,12329.53,12331.59,12326.94,12328.55,39.895067,0.9305555555555556,12329.265
2020-08-17 22:21:00,12328.56,12329.74,12318.3,12323.49,28.848331,0.93125,12324.02
2020-08-17 22:22:00,12323.49,12324.99,12321.17,12323.0,17.757273,0.9319444444444445,12323.08
2020-08-17 22:23:00,12323.0,12331.29,12322.99,12330.2,18.248244,0.9326388888888889,12327.14
2020-08-17 22:24:00,12330.21,12333.43,12329.56,12333.41,23.733062,0.9333333333333333,12331.494999999999
2020-08-17 22:25:00,12333.41,12338.96,12333.41,12338.08,39.428436,0.9340277777777778,12336.185
2020-08-17 22:26:00,12338.08,12340.0,12337.75,12338.53,29.676906,0.9347222222222222,12338.875
2020-08-17 22:27:00,12338.54,12342.65,12338.53,12341.79,21.43687,0.9354166666666667,12340.59
2020-08-17 22:28:00,12341.9,12343.05,12341.9,12342.96,21.072814,0.9361111111111111,12342.474999999999
2020-08-17 22:29:00,12343.01,12349.0,12342.95,12348.14,37.294473,0.9368055555555556,12345.975
2020-08-17 22:30:00,12348.15,12349.0,12341.73,12346.77,42.128076,0.9375,12345.365
2020-08-17 22:31:00,12346.86,12348.04,12342.96,12345.31,24.17016,0.9381944444444444,12345.5
2020-08-17 22:32:00,12345.32,12361.99,12345.31,12361.83,69.095081,0.9388888888888889,12353.65
2020-08-17 22:33:00,12361.77,12373.81,12361.74,12365.46,84.795032,0.9395833333333333,12367.775
2020-08-17 22:34:00,12365.46,12380.0,12365.11,12379.61,62.048606,0.9402777777777778,12372.555
2020-08-17 22:35:00,12378.25,12379.61,12370.0,12372.94,49.391887,0.9409722222222222,12374.805
2020-08-17 22:36:00,12372.95,12373.61,12364.58,12369.59,34.062642,0.9416666666666667,12369.095000000001
2020-08-17 22:37:00,12369.59,12370.0,12365.59,12368.06,13.32764,0.9423611111111111,12367.795
2020-08-17 22:38:00,12368.07,12376.6,12368.0,12373.9,34.281777,0.9430555555555555,12372.3
2020-08-17 22:39:00,12373.91,12377.77,12373.49,12375.99,15.865807,0.94375,12375.630000000001
2020-08-17 22:40:00,12376.0,12376.48,12368.68,12372.19,46.712271,0.9444444444444444,12372.58
2020-08-17 22:41:00,12372.2,12372.2,12364.49,12365.19,65.967374,0.9451388888888889,12368.345000000001
2020-08-17 22:42:00,12365.09,12375.07,12364.48,12373.0,48.022576,0.9458333333333333,12369.775
2020-08-17 22:43:00,12373.0,12380.81,12373.0,12380.81,32.684513,0.9465277777777777,12376.904999999999
2020-08-17 22:44:00,12380.8,12381.37,12376.7,12377.96,39.961279,0.9472222222222222,12379.035
2020-08-17 22:45:00,12377.84,12381.96,12376.52,12378.03,41.990268,0.9479166666666666,12379.24
2020-08-17 22:46:00,12378.02,12378.02,12367.34,12369.69,67.526997,0.9486111111111111,12372.68
2020-08-17 22:47:00,12369.69,12369.69,12364.12,12366.9,21.138418,0.9493055555555555,12366.905
2020-08-17 22:48:00,12366.62,12366.62,12359.83,12360.0,46.242307,0.95,12363.225
2020-08-17 22:49:00,12359.99,12365.81,12359.01,12359.17,15.872647,0.9506944444444444,12362.41
2020-08-17 22:50:00,12359.17,12361.29,12356.81,12357.51,21.927135,0.9513888888888888,12359.05
2020-08-17 22:51:00,12357.44,12359.77,12350.04,12358.87,28.535994,0.9520833333333333,12354.905
2020-08-17 22:52:00,12359.37,12359.37,12355.7,12356.8,25.406285,0.9527777777777777,12357.535
2020-08-17 22:53:00,12356.77,12362.89,12356.68,12360.5,26.969612,0.9534722222222223,12359.785
2020-08-17 22:54:00,12360.5,12361.99,12346.21,12349.26,66.410254,0.9541666666666667,12354.099999999999
2020-08-17 22:55:00,12349.25,12359.31,12348.88,12356.23,36.58409,0.9548611111111112,12354.095
2020-08-17 22:56:00,12356.22,12357.83,12353.15,12357.36,11.201068,0.9555555555555556,12355.49
2020-08-17 22:57:00,12357.37,12359.99,12355.0,12359.47,19.810395,0.95625,12357.494999999999
2020-08-17 22:58:00,12359.47,12374.12,12359.47,12369.78,30.689915,0.9569444444444445,12366.795
2020-08-17 22:59:00,12369.78,12375.0,12366.95,12371.51,38.791731,0.9576388888888889,12370.975
2020-08-17 23:00:00,12371.53,12373.16,12366.85,12370.53,28.429765,0.9583333333333334,12370.005000000001
2020-08-17 23:01:00,12370.54,12373.77,12367.17,12370.15,40.563839,0.9590277777777778,12370.470000000001
2020-08-17 23:02:00,12370.14,12383.22,12367.72,12382.26,54.092033,0.9597222222222223,12375.47
2020-08-17 23:03:00,12382.25,12383.16,12377.55,12381.21,36.680139,0.9604166666666667,12380.355
2020-08-17 23:04:00,12381.2,12384.34,12378.57,12384.33,13.91064,0.9611111111111111,12381.455
2020-08-17 23:05:00,12384.34,12389.0,12381.72,12388.03,79.639316,0.9618055555555556,12385.36
2020-08-17 23:06:00,12388.02,12406.86,12388.02,12402.8,162.693222,0.9625,12397.44
2020-08-17 23:07:00,12402.59,12402.6,12393.0,12394.54,109.831023,0.9631944444444445,12397.8
2020-08-17 23:08:00,12394.54,12394.54,12380.6,12380.6,81.096831,0.9638888888888889,12387.57
2020-08-17 23:09:00,12380.6,12383.94,12367.18,12367.18,127.826161,0.9645833333333333,12375.560000000001
2020-08-17 23:10:00,12367.0,12367.0,12345.0,12354.67,98.01283,0.9652777777777778,12356.0
2020-08-17 23:11:00,12354.67,12356.12,12334.21,12334.21,78.313648,0.9659722222222222,12345.165
2020-08-17 23:12:00,12334.2,12345.55,12313.88,12322.52,155.801181,0.9666666666666667,12329.715
2020-08-17 23:13:00,12323.25,12336.18,12311.36,12316.88,112.690261,0.9673611111111111,12323.77
2020-08-17 23:14:00,12316.88,12334.0,12316.88,12323.92,95.414369,0.9680555555555556,12325.439999999999
2020-08-17 23:15:00,12323.93,12324.99,12297.0,12311.35,174.347838,0.96875,12310.994999999999
2020-08-17 23:16:00,12311.36,12321.71,12308.69,12309.99,66.789273,0.9694444444444444,12315.2
2020-08-17 23:17:00,12310.0,12314.76,12303.98,12313.95,59.21813,0.9701388888888889,12309.369999999999
2020-08-17 23:18:00,12313.95,12327.95,12313.51,12327.95,54.697265,0.9708333333333333,12320.73
2020-08-17 23:19:00,12327.31,12334.64,12324.15,12328.6,69.726994,0.9715277777777778,12329.395
2020-08-17 23:20:00,12328.3,12332.75,12319.24,12322.43,65.044407,0.9722222222222222,12325.994999999999
2020-08-17 23:21:00,12322.22,12325.67,12316.63,12322.19,60.672661,0.9729166666666667,12321.15
2020-08-17 23:22:00,12322.18,12327.51,12318.65,12327.32,25.468589,0.9736111111111111,12323.08
2020-08-17 23:23:00,12327.11,12332.75,12327.11,12330.53,28.729397,0.9743055555555555,12329.93
2020-08-17 23:24:00,12330.53,12332.99,12320.0,12327.0,29.260512,0.975,12326.494999999999
2020-08-17 23:25:00,12327.0,12327.01,12321.51,12324.6,21.399092,0.9756944444444444,12324.26
2020-08-17 23:26:00,12324.61,12328.41,12320.0,12320.0,61.646337,0.9763888888888889,12324.205
2020-08-17 23:27:00,12320.0,12320.01,12312.3,12314.15,39.481727,0.9770833333333333,12316.154999999999
2020-08-17 23:28:00,12314.14,12327.69,12310.0,12327.13,62.665442,0.9777777777777777,12318.845000000001
2020-08-17 23:29:00,12327.14,12337.15,12326.94,12329.69,42.891954,0.9784722222222222,12332.045
2020-08-17 23:30:00,12329.69,12329.7,12320.43,12320.96,19.34454,0.9791666666666666,12325.065
2020-08-17 23:31:00,12320.96,12328.14,12319.05,12320.0,40.53593,0.9798611111111111,12323.595
2020-08-17 23:32:00,12320.0,12320.48,12317.43,12318.92,38.415497,0.9805555555555555,12318.955
2020-08-17 23:33:00,12318.92,12318.92,12305.14,12305.78,30.268606,0.98125,12312.029999999999
2020-08-17 23:34:00,12305.88,12306.89,12297.18,12306.19,163.322133,0.9819444444444444,12302.035
2020-08-17 23:35:00,12306.19,12319.31,12301.24,12309.0,58.987364,0.9826388888888888,12310.275
2020-08-17 23:36:00,12309.49,12311.99,12303.89,12311.21,45.780329,0.9833333333333333,12307.939999999999
2020-08-17 23:37:00,12311.21,12312.0,12301.57,12305.06,26.945847,0.9840277777777777,12306.785
2020-08-17 23:38:00,12305.06,12306.29,12301.33,12301.49,35.264643,0.9847222222222223,12303.810000000001
2020-08-17 23:39:00,12301.5,12305.48,12295.5,12303.44,54.573894,0.9854166666666667,12300.49
2020-08-17 23:40:00,12303.44,12310.0,12300.48,12303.66,45.108091,0.9861111111111112,12305.24
2020-08-17 23:41:00,12303.95,12305.22,12285.0,12286.99,94.099203,0.9868055555555556,12295.11
2020-08-17 23:42:00,12286.49,12304.59,12227.43,12258.98,416.425411,0.9875,12266.01
2020-08-17 23:43:00,12257.44,12284.61,12242.27,12263.66,320.378487,0.9881944444444445,12263.44
2020-08-17 23:44:00,12263.66,12270.45,12245.0,12248.48,111.247263,0.9888888888888889,12257.725
2020-08-17 23:45:00,12248.48,12248.48,12210.0,12235.45,248.219877,0.9895833333333334,12229.24
2020-08-17 23:46:00,12235.34,12274.06,12229.31,12271.84,99.206471,0.9902777777777778,12251.685
2020-08-17 23:47:00,12272.06,12278.66,12260.0,12263.41,95.30468,0.9909722222222223,12269.33
2020-08-17 23:48:00,12263.41,12284.79,12262.88,12281.99,71.398314,0.9916666666666667,12273.835
2020-08-17 23:49:00,12282.02,12284.99,12274.32,12281.08,54.21151,0.9923611111111111,12279.654999999999
2020-08-17 23:50:00,12281.08,12288.0,12279.22,12283.99,45.860461,0.9930555555555556,12283.61
2020-08-17 23:51:00,12283.99,12288.0,12270.1,12272.62,50.242979,0.99375,12279.05
2020-08-17 23:52:00,12272.67,12280.0,12266.05,12277.0,46.651741,0.9944444444444445,12273.025
2020-08-17 23:53:00,12277.0,12292.61,12277.0,12287.76,39.803107,0.9951388888888889,12284.805
2020-08-17 23:54:00,12287.76,12292.12,12280.76,12281.82,53.710331,0.9958333333333333,12286.44
2020-08-17 23:55:00,12281.81,12287.42,12274.6,12277.59,77.113925,0.9965277777777778,12281.01
2020-08-17 23:56:00,12277.62,12279.54,12270.33,12271.76,45.800978,0.9972222222222222,12274.935000000001
2020-08-17 23:57:00,12271.76,12279.55,12267.58,12273.61,51.343895,0.9979166666666667,12273.564999999999
2020-08-17 23:58:00,12273.61,12275.5,12260.7,12271.02,40.816716,0.9986111111111111,12268.1
2020-08-17 23:59:00,12271.02,12282.14,12270.32,12281.13,37.282675,0.9993055555555556,12276.23
